    Date,Alert,Point Barrow,Station P,La Jolla Pier,Baja,Mauna Loa,Christmas Island,American Samoa,Kermadec Islands,New Zealand,South Pole
1/15/1957,NaN,NaN,NaN,NaN,NaN,NaN,NaN,NaN,NaN,NaN,NaN
2/15/1957,NaN,NaN,NaN,NaN,NaN,NaN,NaN,NaN,NaN,NaN,NaN
3/15/1957,NaN,NaN,NaN,315.45,NaN,NaN,NaN,NaN,NaN,NaN,NaN
4/15/1957,NaN,NaN,NaN,315.74,NaN,NaN,NaN,NaN,NaN,NaN,NaN
5/15/1957,NaN,NaN,NaN,315.84,NaN,NaN,NaN,NaN,NaN,NaN,NaN
6/15/1957,NaN,NaN,NaN,315.28,NaN,NaN,NaN,NaN,NaN,NaN,312.79
7/15/1957,NaN,NaN,NaN,NaN,NaN,NaN,NaN,NaN,NaN,NaN,NaN
8/15/1957,NaN,NaN,NaN,309.28,NaN,NaN,NaN,NaN,NaN,NaN,NaN
9/15/1957,NaN,NaN,NaN,309.95,NaN,NaN,NaN,NaN,NaN,NaN,NaN
10/15/1957,NaN,NaN,NaN,312.71,NaN,NaN,NaN,NaN,NaN,NaN,NaN
11/15/1957,NaN,NaN,NaN,NaN,NaN,NaN,NaN,NaN,NaN,NaN,NaN
12/15/1957,NaN,NaN,NaN,NaN,NaN,NaN,NaN,NaN,NaN,NaN,314.48
1/15/1958,NaN,NaN,NaN,NaN,NaN,NaN,NaN,NaN,NaN,NaN,NaN
2/15/1958,NaN,NaN,NaN,NaN,NaN,NaN,NaN,NaN,NaN,NaN,NaN
3/15/1958,NaN,NaN,NaN,NaN,NaN,NaN,NaN,NaN,NaN,NaN,314.3
4/15/1958,NaN,NaN,NaN,316.44,NaN,NaN,NaN,NaN,NaN,NaN,NaN
5/15/1958,NaN,NaN,NaN,317.6,NaN,NaN,NaN,NaN,NaN,NaN,NaN
6/15/1958,NaN,NaN,NaN,NaN,NaN,NaN,NaN,NaN,NaN,NaN,314.51
7/15/1958,NaN,NaN,NaN,313.44,NaN,NaN,NaN,NaN,NaN,NaN,NaN
8/15/1958,NaN,NaN,NaN,310.59,NaN,NaN,NaN,NaN,NaN,NaN,NaN
9/15/1958,NaN,NaN,NaN,311.09,NaN,NaN,NaN,NaN,NaN,NaN,315.33
10/15/1958,NaN,NaN,NaN,312.77,NaN,NaN,NaN,NaN,NaN,NaN,NaN
11/15/1958,NaN,NaN,NaN,315.62,NaN,NaN,NaN,NaN,NaN,NaN,NaN
12/15/1958,NaN,NaN,NaN,316.46,NaN,NaN,NaN,NaN,NaN,NaN,NaN
1/15/1959,NaN,NaN,NaN,317.22,NaN,NaN,NaN,NaN,NaN,NaN,315.09
2/15/1959,NaN,NaN,NaN,316.75,NaN,NaN,NaN,NaN,NaN,NaN,315.13
3/15/1959,NaN,NaN,NaN,317.65,NaN,NaN,NaN,NaN,NaN,NaN,315.08
4/15/1959,NaN,NaN,NaN,317.39,NaN,NaN,NaN,NaN,NaN,NaN,NaN
5/15/1959,NaN,NaN,NaN,317.37,NaN,NaN,NaN,NaN,NaN,NaN,NaN
6/15/1959,NaN,NaN,NaN,317.43,NaN,NaN,NaN,NaN,NaN,NaN,NaN
7/15/1959,NaN,NaN,NaN,313.54,NaN,NaN,NaN,NaN,NaN,NaN,NaN
8/15/1959,NaN,NaN,NaN,310.28,NaN,NaN,NaN,NaN,NaN,NaN,315.98
9/15/1959,NaN,NaN,NaN,311.29,NaN,NaN,NaN,NaN,NaN,NaN,316.24
10/15/1959,NaN,NaN,NaN,314.67,NaN,NaN,NaN,NaN,NaN,NaN,NaN
11/15/1959,NaN,NaN,NaN,316.41,NaN,NaN,NaN,NaN,NaN,NaN,316.31
12/15/1959,NaN,NaN,NaN,315.76,NaN,NaN,NaN,NaN,NaN,NaN,NaN
1/15/1960,NaN,NaN,NaN,317.12,NaN,NaN,NaN,NaN,NaN,NaN,NaN
2/15/1960,NaN,NaN,NaN,317.85,NaN,NaN,NaN,NaN,NaN,NaN,NaN
3/15/1960,NaN,NaN,NaN,317.81,NaN,317.69,NaN,NaN,NaN,NaN,NaN
4/15/1960,NaN,NaN,NaN,319.61,NaN,319.06,NaN,NaN,NaN,NaN,NaN
5/15/1960,NaN,NaN,NaN,320.38,NaN,NaN,NaN,NaN,NaN,NaN,NaN
6/15/1960,NaN,NaN,NaN,318.04,NaN,NaN,NaN,NaN,NaN,NaN,316.4
7/15/1960,NaN,NaN,NaN,NaN,NaN,NaN,NaN,NaN,NaN,NaN,316.73
8/15/1960,NaN,NaN,NaN,NaN,NaN,315.74,NaN,NaN,NaN,NaN,316.76
9/15/1960,NaN,NaN,NaN,NaN,NaN,NaN,NaN,NaN,NaN,NaN,NaN
10/15/1960,NaN,NaN,NaN,NaN,NaN,312.84,NaN,NaN,NaN,NaN,NaN
11/15/1960,NaN,NaN,NaN,NaN,NaN,NaN,NaN,NaN,NaN,NaN,NaN
12/15/1960,NaN,NaN,NaN,NaN,NaN,316.8,NaN,NaN,NaN,NaN,NaN
1/15/1961,NaN,NaN,NaN,NaN,NaN,317.4,NaN,NaN,NaN,NaN,NaN
2/15/1961,NaN,NaN,NaN,NaN,NaN,NaN,NaN,NaN,NaN,NaN,316.98
3/15/1961,NaN,NaN,NaN,NaN,NaN,318.13,NaN,NaN,NaN,NaN,NaN
4/15/1961,NaN,NaN,NaN,NaN,NaN,NaN,NaN,NaN,NaN,NaN,NaN
5/15/1961,NaN,NaN,NaN,NaN,NaN,NaN,NaN,NaN,NaN,NaN,316.8
6/15/1961,NaN,NaN,NaN,NaN,NaN,318.82,NaN,NaN,NaN,NaN,316.86
7/15/1961,NaN,315.23,NaN,NaN,NaN,318.94,NaN,NaN,NaN,NaN,316.95
8/15/1961,NaN,310.13,NaN,NaN,NaN,315.49,NaN,NaN,NaN,NaN,317.37
9/15/1961,NaN,312.37,NaN,NaN,NaN,315.62,NaN,NaN,NaN,NaN,317.67
10/15/1961,NaN,317.14,NaN,NaN,NaN,314.91,NaN,NaN,NaN,NaN,317.75
11/15/1961,NaN,319.7,NaN,NaN,NaN,316.17,NaN,NaN,NaN,NaN,317.86
12/15/1961,NaN,320.75,NaN,NaN,NaN,318.15,NaN,NaN,NaN,NaN,317.66
1/15/1962,NaN,NaN,NaN,NaN,NaN,317.86,NaN,NaN,NaN,NaN,317.45
2/15/1962,NaN,323.18,NaN,NaN,NaN,318.35,NaN,NaN,NaN,NaN,317.26
3/15/1962,NaN,322.41,NaN,320.18,NaN,320.02,NaN,NaN,NaN,NaN,317.05
4/15/1962,NaN,322.88,NaN,320.71,NaN,320.29,NaN,NaN,NaN,NaN,317.12
5/15/1962,NaN,323.96,NaN,320.92,NaN,321.53,NaN,NaN,NaN,NaN,317.18
6/15/1962,NaN,322.31,NaN,NaN,NaN,320.06,NaN,NaN,NaN,NaN,317.25
7/15/1962,NaN,316.17,NaN,NaN,NaN,318.01,NaN,NaN,NaN,NaN,317.28
8/15/1962,NaN,310.07,NaN,NaN,NaN,317.12,NaN,NaN,NaN,NaN,317.65
9/15/1962,NaN,312.33,NaN,NaN,NaN,315.36,NaN,NaN,NaN,NaN,318.07
10/15/1962,NaN,316.55,NaN,NaN,NaN,314.66,NaN,NaN,NaN,NaN,NaN
11/15/1962,NaN,320.37,NaN,NaN,NaN,316.95,NaN,NaN,NaN,NaN,NaN
12/15/1962,NaN,321.93,NaN,NaN,NaN,NaN,NaN,NaN,NaN,NaN,318.6
1/15/1963,NaN,322.68,NaN,NaN,NaN,NaN,NaN,NaN,NaN,NaN,318.13
2/15/1963,NaN,324,NaN,NaN,NaN,NaN,NaN,NaN,NaN,NaN,317.86
3/15/1963,NaN,324.88,NaN,NaN,NaN,NaN,NaN,NaN,NaN,NaN,317.47
4/15/1963,NaN,324.05,NaN,NaN,NaN,NaN,NaN,NaN,NaN,NaN,317.9
5/15/1963,NaN,324.71,NaN,NaN,NaN,NaN,NaN,NaN,NaN,NaN,318.27
6/15/1963,NaN,322.64,NaN,NaN,NaN,NaN,NaN,NaN,NaN,NaN,318.22
7/15/1963,NaN,317.88,NaN,NaN,NaN,NaN,NaN,NaN,NaN,NaN,318.27
8/15/1963,NaN,312.28,NaN,NaN,NaN,NaN,NaN,NaN,NaN,NaN,318.65
9/15/1963,NaN,313.6,NaN,NaN,NaN,316.42,NaN,NaN,NaN,NaN,318.57
10/15/1963,NaN,317.24,NaN,NaN,NaN,NaN,NaN,NaN,NaN,NaN,319.02
11/15/1963,NaN,NaN,NaN,NaN,NaN,NaN,NaN,NaN,NaN,NaN,NaN
12/15/1963,NaN,NaN,NaN,NaN,NaN,NaN,NaN,NaN,NaN,NaN,NaN
1/15/1964,NaN,NaN,NaN,NaN,NaN,NaN,NaN,NaN,NaN,NaN,NaN
2/15/1964,NaN,NaN,NaN,NaN,NaN,NaN,NaN,NaN,NaN,NaN,NaN
3/15/1964,NaN,NaN,NaN,NaN,NaN,NaN,NaN,NaN,NaN,NaN,NaN
4/15/1964,NaN,NaN,NaN,NaN,NaN,NaN,NaN,NaN,NaN,NaN,NaN
5/15/1964,NaN,NaN,NaN,NaN,NaN,NaN,NaN,NaN,NaN,NaN,NaN
6/15/1964,NaN,NaN,NaN,NaN,NaN,NaN,NaN,NaN,NaN,NaN,NaN
7/15/1964,NaN,NaN,NaN,NaN,NaN,NaN,NaN,NaN,NaN,NaN,NaN
8/15/1964,NaN,NaN,NaN,NaN,NaN,NaN,NaN,NaN,NaN,NaN,NaN
9/15/1964,NaN,NaN,NaN,NaN,NaN,NaN,NaN,NaN,NaN,NaN,NaN
10/15/1964,NaN,NaN,NaN,NaN,NaN,NaN,NaN,NaN,NaN,NaN,NaN
11/15/1964,NaN,NaN,NaN,NaN,NaN,NaN,NaN,NaN,NaN,NaN,NaN
12/15/1964,NaN,321.76,NaN,NaN,NaN,319.02,NaN,NaN,NaN,NaN,NaN
1/15/1965,NaN,324.67,NaN,NaN,NaN,319.92,NaN,NaN,NaN,NaN,NaN
2/15/1965,NaN,NaN,NaN,NaN,NaN,NaN,NaN,NaN,NaN,NaN,318.68
3/15/1965,NaN,NaN,NaN,NaN,NaN,NaN,NaN,NaN,NaN,NaN,318.56
4/15/1965,NaN,NaN,NaN,NaN,NaN,322.61,NaN,NaN,NaN,NaN,318.69
5/15/1965,NaN,NaN,NaN,NaN,NaN,NaN,NaN,NaN,NaN,NaN,318.89
6/15/1965,NaN,325.5,NaN,NaN,NaN,NaN,NaN,NaN,NaN,NaN,NaN
7/15/1965,NaN,319.14,NaN,NaN,NaN,319.27,NaN,NaN,NaN,NaN,319.39
8/15/1965,NaN,313.65,NaN,NaN,NaN,NaN,NaN,NaN,NaN,NaN,319.68
9/15/1965,NaN,314.01,NaN,NaN,NaN,NaN,NaN,NaN,NaN,NaN,NaN
10/15/1965,NaN,319.2,NaN,NaN,NaN,NaN,NaN,NaN,NaN,NaN,NaN
11/15/1965,NaN,322.29,NaN,NaN,NaN,NaN,NaN,NaN,NaN,NaN,320.17
12/15/1965,NaN,323.1,NaN,NaN,NaN,NaN,NaN,NaN,NaN,NaN,320.26
1/15/1966,NaN,325.14,NaN,NaN,NaN,320.5,NaN,NaN,NaN,NaN,320.35
2/15/1966,NaN,324.81,NaN,NaN,NaN,321.89,NaN,NaN,NaN,NaN,320.04
3/15/1966,NaN,325.61,NaN,NaN,NaN,NaN,NaN,NaN,NaN,NaN,320.05
4/15/1966,NaN,326.12,NaN,NaN,NaN,324.42,NaN,NaN,NaN,NaN,320.31
5/15/1966,NaN,NaN,NaN,NaN,NaN,NaN,NaN,NaN,NaN,NaN,320.45
6/15/1966,NaN,325.85,NaN,NaN,NaN,NaN,NaN,NaN,NaN,NaN,320.47
7/15/1966,NaN,319.55,NaN,NaN,NaN,NaN,NaN,NaN,NaN,NaN,NaN
8/15/1966,NaN,314.6,NaN,NaN,NaN,NaN,NaN,NaN,NaN,NaN,321.08
9/15/1966,NaN,315.46,NaN,NaN,NaN,NaN,NaN,NaN,NaN,NaN,321.34
10/15/1966,NaN,320.22,NaN,NaN,NaN,319.33,NaN,NaN,NaN,NaN,321.46
11/15/1966,NaN,323.18,NaN,NaN,NaN,319.76,NaN,NaN,NaN,NaN,321.55
12/15/1966,NaN,325.37,NaN,NaN,NaN,321.15,NaN,NaN,NaN,NaN,321.06
1/15/1967,NaN,326.06,NaN,NaN,NaN,NaN,NaN,NaN,NaN,NaN,NaN
2/15/1967,NaN,326.59,NaN,NaN,NaN,NaN,NaN,NaN,NaN,NaN,321
3/15/1967,NaN,326.62,NaN,NaN,NaN,NaN,NaN,NaN,NaN,NaN,NaN
4/15/1967,NaN,327.26,NaN,NaN,NaN,NaN,NaN,NaN,NaN,NaN,320.86
5/15/1967,NaN,328.27,NaN,NaN,NaN,NaN,NaN,NaN,NaN,NaN,321
6/15/1967,NaN,326.54,NaN,NaN,NaN,324.84,NaN,NaN,NaN,NaN,320.97
7/15/1967,NaN,321.42,NaN,NaN,NaN,322.76,NaN,NaN,NaN,NaN,321.07
8/15/1967,NaN,316.34,NaN,NaN,NaN,NaN,NaN,NaN,NaN,NaN,321.87
9/15/1967,NaN,317.07,NaN,NaN,NaN,NaN,NaN,NaN,NaN,NaN,322.09
10/15/1967,NaN,NaN,NaN,NaN,NaN,NaN,NaN,NaN,NaN,NaN,321.79
11/15/1967,NaN,NaN,NaN,NaN,NaN,NaN,NaN,NaN,NaN,NaN,321.81
12/15/1967,NaN,NaN,NaN,NaN,NaN,NaN,NaN,NaN,NaN,NaN,321.77
1/15/1968,NaN,NaN,NaN,NaN,NaN,NaN,NaN,NaN,NaN,NaN,321.53
2/15/1968,NaN,NaN,NaN,NaN,NaN,NaN,NaN,NaN,NaN,NaN,NaN
3/15/1968,NaN,NaN,NaN,NaN,NaN,323.28,NaN,NaN,NaN,NaN,NaN
4/15/1968,NaN,NaN,NaN,NaN,NaN,NaN,NaN,NaN,NaN,NaN,321.63
5/15/1968,NaN,NaN,NaN,NaN,NaN,326.23,NaN,NaN,NaN,NaN,321.46
6/15/1968,NaN,NaN,NaN,NaN,NaN,NaN,NaN,NaN,NaN,NaN,321.44
7/15/1968,NaN,NaN,NaN,NaN,NaN,323.6,NaN,NaN,NaN,NaN,NaN
8/15/1968,NaN,NaN,NaN,NaN,NaN,322.58,NaN,NaN,NaN,NaN,NaN
9/15/1968,NaN,NaN,NaN,NaN,NaN,NaN,NaN,NaN,NaN,NaN,NaN
10/15/1968,NaN,NaN,NaN,NaN,NaN,319.38,NaN,NaN,NaN,NaN,NaN
11/15/1968,NaN,NaN,NaN,NaN,NaN,320.98,NaN,NaN,NaN,NaN,NaN
12/15/1968,NaN,NaN,NaN,NaN,NaN,323.06,NaN,NaN,NaN,NaN,322.65
1/15/1969,NaN,NaN,NaN,330.24,NaN,324.28,NaN,NaN,NaN,NaN,322.36
2/15/1969,NaN,NaN,NaN,326.49,NaN,324.15,NaN,NaN,NaN,NaN,NaN
3/15/1969,NaN,NaN,NaN,NaN,NaN,NaN,NaN,NaN,NaN,NaN,322.26
4/15/1969,NaN,NaN,NaN,327.98,NaN,326.55,NaN,NaN,NaN,NaN,322.29
5/15/1969,NaN,NaN,330.75,NaN,NaN,328.14,NaN,NaN,NaN,NaN,322.59
6/15/1969,NaN,NaN,328.27,326.26,NaN,326.73,NaN,NaN,NaN,NaN,322.78
7/15/1969,NaN,NaN,323,NaN,NaN,NaN,NaN,NaN,NaN,NaN,323.26
8/15/1969,NaN,NaN,317.93,NaN,NaN,323.73,NaN,NaN,NaN,NaN,323.6
9/15/1969,NaN,NaN,319.38,NaN,NaN,322.29,NaN,NaN,NaN,NaN,324.16
10/15/1969,NaN,NaN,323.06,325.65,NaN,321,NaN,NaN,NaN,NaN,323.94
11/15/1969,NaN,NaN,325.53,NaN,NaN,323.36,NaN,NaN,NaN,NaN,323.96
12/15/1969,NaN,NaN,326.95,NaN,NaN,323.52,NaN,NaN,NaN,NaN,NaN
1/15/1970,NaN,NaN,326.82,NaN,NaN,325.24,NaN,NaN,NaN,NaN,323.69
2/15/1970,NaN,NaN,328.5,NaN,NaN,NaN,NaN,NaN,NaN,NaN,323.53
3/15/1970,NaN,NaN,328.75,NaN,NaN,326.79,NaN,NaN,NaN,NaN,323.43
4/15/1970,NaN,NaN,331.71,329.15,NaN,328.23,NaN,NaN,NaN,NaN,323.68
5/15/1970,NaN,NaN,331.58,331.67,NaN,328.33,NaN,NaN,NaN,NaN,323.76
6/15/1970,NaN,NaN,328.91,328.07,NaN,NaN,NaN,NaN,NaN,NaN,324.18
7/15/1970,NaN,NaN,323.62,NaN,NaN,325.98,NaN,NaN,NaN,NaN,324.48
8/15/1970,NaN,NaN,319.7,NaN,NaN,323.39,NaN,NaN,NaN,NaN,324.69
9/15/1970,NaN,NaN,320.04,322.37,NaN,323.74,NaN,NaN,NaN,NaN,325.18
10/15/1970,NaN,NaN,324.7,NaN,NaN,323.09,NaN,NaN,NaN,NaN,325.18
11/15/1970,NaN,NaN,326.78,NaN,NaN,324.29,NaN,NaN,NaN,NaN,325.23
12/15/1970,NaN,NaN,327.95,327.32,NaN,NaN,NaN,NaN,NaN,NaN,NaN
1/15/1971,NaN,NaN,328.7,NaN,NaN,326.06,NaN,NaN,NaN,NaN,324.8
2/15/1971,NaN,NaN,329.22,329.92,NaN,326.88,NaN,NaN,NaN,NaN,324.6
3/15/1971,NaN,NaN,329.83,330.57,NaN,327.01,NaN,NaN,NaN,NaN,324.32
4/15/1971,NaN,NaN,331.31,330.41,NaN,327.17,NaN,NaN,NaN,NaN,324.48
5/15/1971,NaN,NaN,331.76,330.62,NaN,328.54,NaN,NaN,NaN,NaN,324.67
6/15/1971,NaN,NaN,329.61,330.01,NaN,326.54,NaN,NaN,NaN,NaN,324.92
7/15/1971,NaN,NaN,325.64,324.49,NaN,326.89,NaN,NaN,NaN,NaN,325.15
8/15/1971,NaN,NaN,317.52,NaN,NaN,325.63,NaN,NaN,NaN,NaN,NaN
9/15/1971,NaN,NaN,320.08,NaN,NaN,323.52,NaN,NaN,NaN,NaN,325.77
10/15/1971,NaN,NaN,324.57,NaN,NaN,NaN,NaN,NaN,NaN,NaN,NaN
11/15/1971,NaN,NaN,327.64,NaN,NaN,NaN,NaN,NaN,NaN,NaN,325.73
12/15/1971,NaN,NaN,327.72,NaN,NaN,325.99,NaN,NaN,NaN,NaN,NaN
1/15/1972,NaN,NaN,327.69,NaN,NaN,326.76,NaN,NaN,NaN,NaN,NaN
2/15/1972,NaN,NaN,330.11,NaN,NaN,328.17,NaN,NaN,NaN,NaN,NaN
3/15/1972,NaN,NaN,330.96,333.8,NaN,328.54,NaN,NaN,NaN,NaN,325.05
4/15/1972,NaN,NaN,332.43,330.92,NaN,329.87,NaN,NaN,NaN,NaN,325.17
5/15/1972,NaN,NaN,333.22,332.22,NaN,330.48,NaN,NaN,NaN,NaN,325.31
6/15/1972,NaN,NaN,330.21,NaN,NaN,329.37,NaN,NaN,NaN,NaN,325.83
7/15/1972,NaN,NaN,326.11,326.5,NaN,328.78,NaN,NaN,NaN,NaN,326.14
8/15/1972,NaN,NaN,320.21,NaN,NaN,326.89,NaN,NaN,NaN,NaN,326.85
9/15/1972,NaN,NaN,321.52,322.72,NaN,324.72,NaN,NaN,NaN,NaN,326.54
10/15/1972,NaN,NaN,326.01,327.24,NaN,325.13,NaN,NaN,NaN,NaN,326.76
11/15/1972,NaN,NaN,NaN,328.36,NaN,326.68,NaN,NaN,NaN,NaN,327.02
12/15/1972,NaN,NaN,329.97,330.36,NaN,327.78,NaN,NaN,NaN,NaN,326.81
1/15/1973,NaN,NaN,330.6,330.32,NaN,328.66,NaN,NaN,NaN,NaN,326.74
2/15/1973,NaN,NaN,332.38,331.38,NaN,329.16,NaN,NaN,NaN,NaN,326.34
3/15/1973,NaN,NaN,332.84,332.11,NaN,330.11,NaN,NaN,NaN,NaN,326.35
4/15/1973,NaN,NaN,334.2,333.76,NaN,331.33,NaN,NaN,NaN,NaN,326.82
5/15/1973,NaN,NaN,334.6,NaN,NaN,332.65,NaN,NaN,NaN,NaN,327.1
6/15/1973,NaN,NaN,333.26,NaN,NaN,332.02,NaN,NaN,NaN,NaN,327.42
7/15/1973,NaN,NaN,327.73,328.6,NaN,330.4,NaN,NaN,NaN,NaN,327.74
8/15/1973,NaN,NaN,323.1,322.19,NaN,329,NaN,NaN,NaN,NaN,328.4
9/15/1973,NaN,NaN,323.81,NaN,NaN,NaN,NaN,NaN,NaN,NaN,328.69
10/15/1973,NaN,NaN,328.78,328.81,NaN,327.21,NaN,NaN,NaN,NaN,328.62
11/15/1973,NaN,NaN,331.1,NaN,NaN,328.43,NaN,NaN,NaN,NaN,328.59
12/15/1973,NaN,NaN,331.8,NaN,NaN,329.2,NaN,NaN,NaN,NaN,328.6
1/15/1974,NaN,336.17,331.7,NaN,NaN,329.94,NaN,NaN,NaN,NaN,328.3
2/15/1974,NaN,NaN,332.91,333.69,NaN,329.49,NaN,NaN,NaN,NaN,328.08
3/15/1974,NaN,337.07,335.12,333.65,NaN,329.8,NaN,NaN,NaN,NaN,328.08
4/15/1974,NaN,336.34,334.87,335.7,NaN,332.45,NaN,NaN,NaN,NaN,327.97
5/15/1974,NaN,336.99,336,NaN,NaN,332.64,NaN,NaN,NaN,NaN,328.01
6/15/1974,NaN,336.35,334.11,NaN,NaN,331.54,NaN,NaN,NaN,NaN,327.89
7/15/1974,NaN,330.95,328.84,NaN,NaN,331.05,NaN,NaN,NaN,NaN,328.47
8/15/1974,NaN,323.04,NaN,327.38,NaN,329.02,NaN,NaN,NaN,NaN,328.69
9/15/1974,NaN,324.02,324.96,NaN,NaN,326.75,NaN,NaN,NaN,NaN,328.94
10/15/1974,NaN,327.84,328.76,330.88,NaN,327.8,NaN,NaN,NaN,NaN,329.03
11/15/1974,NaN,332.61,NaN,331.35,NaN,328.82,NaN,NaN,NaN,NaN,329.13
12/15/1974,NaN,335.01,333.79,NaN,NaN,330.41,331.27,NaN,NaN,NaN,328.98
1/15/1975,NaN,337.14,334.21,334.31,NaN,NaN,331.78,NaN,NaN,NaN,328.89
2/15/1975,NaN,338.74,335.4,NaN,NaN,331.07,331.85,NaN,NaN,NaN,328.89
3/15/1975,NaN,336.54,335.91,NaN,NaN,332.1,331.94,NaN,NaN,NaN,328.85
4/15/1975,NaN,337.32,336.67,334.78,NaN,333.24,332.53,NaN,NaN,NaN,328.94
5/15/1975,NaN,337.41,336.64,336.98,NaN,334.27,332.28,NaN,NaN,NaN,328.94
6/15/1975,NaN,335.48,334.73,NaN,NaN,332.51,NaN,NaN,NaN,NaN,329.07
7/15/1975,NaN,329.88,328.8,329.74,NaN,331.89,332.05,NaN,NaN,NaN,329.36
8/15/1975,NaN,324.21,322.51,NaN,NaN,329.97,331.24,NaN,NaN,NaN,329.82
9/15/1975,NaN,324.98,326.22,NaN,NaN,329.17,331.75,NaN,NaN,NaN,330.22
10/15/1975,NaN,329.34,330.95,328.83,NaN,328.34,332.26,NaN,NaN,NaN,330.55
11/15/1975,NaN,333.62,NaN,NaN,NaN,329,332.53,NaN,NaN,NaN,330.45
12/15/1975,NaN,335.71,334.54,334.86,NaN,330.73,332.65,NaN,NaN,NaN,330.27
1/15/1976,NaN,337.08,333.79,NaN,NaN,331.21,332.85,NaN,NaN,NaN,330.31
2/15/1976,NaN,337.35,335.31,334.94,NaN,332.78,332.27,NaN,NaN,NaN,329.99
3/15/1976,NaN,338.39,335.78,337.36,NaN,334.24,333.09,NaN,NaN,NaN,329.92
4/15/1976,NaN,339.37,339.03,338.48,NaN,334.7,NaN,NaN,NaN,NaN,329.62
5/15/1976,NaN,338.67,339.47,NaN,NaN,334.64,NaN,NaN,NaN,NaN,329.93
6/15/1976,NaN,336.59,336.12,334.74,NaN,334.72,NaN,NaN,NaN,NaN,329.99
7/15/1976,NaN,330.89,331.03,NaN,NaN,332.38,NaN,NaN,NaN,NaN,330.47
8/15/1976,NaN,324.38,NaN,328.77,NaN,330.65,NaN,NaN,NaN,NaN,331.01
9/15/1976,NaN,326.4,NaN,326.35,NaN,328.78,NaN,NaN,NaN,NaN,331.38
10/15/1976,NaN,329.68,331.37,NaN,NaN,328.49,NaN,NaN,NaN,NaN,331.7
11/15/1976,NaN,333.58,332.92,NaN,NaN,330.7,NaN,NaN,NaN,NaN,331.75
12/15/1976,NaN,337.7,334.33,334.37,NaN,332.17,332.61,NaN,NaN,NaN,331.43
1/15/1977,NaN,338.08,334.75,336.29,NaN,333.1,332.99,NaN,NaN,NaN,331.23
2/15/1977,NaN,337.28,336.09,335.51,NaN,333.07,333.43,NaN,NaN,NaN,330.99
3/15/1977,NaN,337.93,337.72,336.87,NaN,334.3,335.05,NaN,NaN,NaN,330.84
4/15/1977,NaN,NaN,339.32,NaN,NaN,336.17,335.97,NaN,NaN,NaN,331.33
5/15/1977,NaN,340.33,339.92,338.56,NaN,336.71,335.29,NaN,NaN,NaN,331.41
6/15/1977,NaN,337.98,336.98,NaN,NaN,336.48,334.85,NaN,NaN,NaN,331.62
7/15/1977,NaN,NaN,330.69,333.2,NaN,334.95,334.64,NaN,NaN,332.75,332.06
8/15/1977,NaN,326.48,NaN,NaN,NaN,331.68,333.59,NaN,NaN,NaN,332.45
9/15/1977,NaN,326.92,328.54,331.84,NaN,330.79,333.44,NaN,NaN,332.55,332.86
10/15/1977,NaN,333.47,NaN,334.25,NaN,330.36,333.49,NaN,NaN,332.34,333.08
11/15/1977,NaN,335.02,336.32,338.38,NaN,332.56,333.51,NaN,NaN,333.79,333.3
12/15/1977,NaN,339.83,336.76,NaN,NaN,334.11,334.14,NaN,NaN,333.32,333.19
1/15/1978,NaN,339.23,338.25,340.1,NaN,335.37,335.09,NaN,NaN,333.49,332.83
2/15/1978,NaN,340.66,338.1,NaN,NaN,336.12,335.58,NaN,NaN,333.26,332.68
3/15/1978,NaN,342.77,339.68,NaN,NaN,337.03,335.87,NaN,NaN,332.88,332.85
4/15/1978,NaN,NaN,NaN,339.65,NaN,NaN,335.73,NaN,NaN,NaN,332.98
5/15/1978,NaN,NaN,341.36,339.22,NaN,NaN,336.18,NaN,NaN,333.23,NaN
6/15/1978,NaN,NaN,338.85,338.41,NaN,337.76,335.89,NaN,NaN,333.77,333.37
7/15/1978,NaN,NaN,334.41,NaN,NaN,336.67,336.07,NaN,NaN,334.9,333.83
8/15/1978,NaN,NaN,327.88,331.41,NaN,NaN,335.77,NaN,NaN,334.11,334.28
9/15/1978,NaN,NaN,328.61,330.17,NaN,332.81,335.12,NaN,NaN,335.72,334.74
10/15/1978,NaN,NaN,NaN,336.14,NaN,NaN,335.44,NaN,NaN,NaN,334.83
11/15/1978,NaN,339.6,335.49,336.62,NaN,334.26,335.05,NaN,NaN,334.43,334.58
12/15/1978,NaN,339.3,339.51,340.12,NaN,335.03,335.8,NaN,NaN,NaN,334.29
1/15/1979,NaN,340.59,338.31,338.66,NaN,336.4,336.32,NaN,NaN,333.56,334.03
2/15/1979,NaN,341.57,339.43,339.76,NaN,336.91,336.92,NaN,NaN,335.2,334.03
3/15/1979,NaN,343.29,340.09,341.12,NaN,338.4,337.57,NaN,NaN,335.09,333.82
4/15/1979,NaN,342.48,341.78,341.38,NaN,338.44,338.7,NaN,NaN,NaN,334.18
5/15/1979,NaN,343.43,342.58,NaN,NaN,339.43,338.55,NaN,NaN,334.62,334.32
6/15/1979,NaN,342.88,NaN,NaN,NaN,339.02,337.84,NaN,NaN,NaN,334.52
7/15/1979,NaN,335.24,334.57,NaN,NaN,338.22,NaN,NaN,NaN,336.13,335.16
8/15/1979,NaN,NaN,329.6,333.33,NaN,336.23,NaN,NaN,NaN,336.33,335.72
9/15/1979,NaN,329.2,330.69,335.87,NaN,333.58,336.44,NaN,NaN,336.26,335.87
10/15/1979,NaN,333.76,335.5,338.13,NaN,333.9,336.31,NaN,NaN,NaN,335.99
11/15/1979,NaN,337.61,337.5,339.51,NaN,335.61,336.79,NaN,NaN,334.88,336.38
12/15/1979,NaN,341.87,340.13,NaN,NaN,337.21,337.4,NaN,NaN,335.47,336.04
1/15/1980,NaN,341.69,339.83,NaN,NaN,NaN,NaN,NaN,NaN,NaN,336.06
2/15/1980,NaN,343.32,341.17,NaN,NaN,339.29,NaN,NaN,NaN,335.76,335.74
3/15/1980,NaN,344.24,341.47,341.14,NaN,340.3,NaN,NaN,NaN,336.35,NaN
4/15/1980,NaN,NaN,343.71,NaN,NaN,340.34,340.42,NaN,NaN,336.35,336.1
5/15/1980,NaN,343.98,344.47,341.6,NaN,341.71,339.85,NaN,NaN,337.07,336.21
6/15/1980,NaN,342.6,342.77,NaN,NaN,341.01,339.47,NaN,NaN,336.99,336.91
7/15/1980,NaN,336.79,336.91,NaN,NaN,338.53,340.19,NaN,NaN,338.59,337.46
8/15/1980,NaN,331.73,333.82,333.93,NaN,337.56,339.21,NaN,NaN,337.41,337.56
9/15/1980,NaN,332.27,334.24,NaN,NaN,335.66,NaN,NaN,NaN,NaN,337.86
10/15/1980,NaN,337.78,337.55,337.82,NaN,336.26,NaN,NaN,NaN,337.4,337.87
11/15/1980,NaN,341.4,340.27,NaN,NaN,337.32,338.71,NaN,NaN,337.74,337.97
12/15/1980,NaN,344.7,340.98,340.98,NaN,NaN,NaN,NaN,NaN,337.58,338.05
1/15/1981,NaN,344.62,342.12,342.3,NaN,339.7,340.6,NaN,NaN,NaN,337.77
2/15/1981,NaN,344.38,343.56,343.85,NaN,340.54,340.74,NaN,NaN,337.2,337.48
3/15/1981,NaN,344.65,344.17,NaN,NaN,341.27,341.37,NaN,NaN,337.24,337.45
4/15/1981,NaN,346.1,345.15,NaN,NaN,343.2,341.23,NaN,NaN,337.65,337.53
5/15/1981,NaN,346.23,345.61,345.34,NaN,343.16,340.93,NaN,NaN,338.84,337.66
6/15/1981,NaN,343.8,343.16,NaN,NaN,342.32,NaN,NaN,NaN,338.69,338.17
7/15/1981,NaN,335.25,NaN,337.91,NaN,NaN,340.62,NaN,NaN,NaN,338.39
8/15/1981,NaN,330.22,NaN,336.4,NaN,338.62,339.91,NaN,NaN,NaN,338.77
9/15/1981,NaN,333.29,NaN,NaN,NaN,336.92,338.84,339.01,NaN,NaN,338.8
10/15/1981,NaN,338.25,NaN,339.24,NaN,336.95,339.31,339.04,NaN,337.9,339.13
11/15/1981,NaN,341.37,NaN,340.13,NaN,338.28,339.65,339.68,NaN,NaN,338.87
12/15/1981,NaN,344.1,NaN,342.32,NaN,340.05,340.53,339.9,NaN,NaN,338.9
1/15/1982,NaN,344.86,NaN,343.98,NaN,340.67,NaN,340.68,NaN,NaN,NaN
2/15/1982,NaN,347.79,NaN,NaN,NaN,341.62,341.83,340.95,NaN,NaN,338.61
3/15/1982,NaN,347.52,NaN,343.85,NaN,343.22,342.15,340.23,NaN,338.64,338.38
4/15/1982,NaN,347.45,NaN,347.7,NaN,344.05,342.95,340.76,NaN,339.08,338.7
5/15/1982,NaN,347.48,NaN,346.48,NaN,343.62,NaN,339.84,NaN,NaN,338.98
6/15/1982,NaN,345.76,NaN,342.28,NaN,342.58,NaN,340.2,NaN,339.75,339.22
7/15/1982,NaN,339.31,NaN,340.11,NaN,342.24,NaN,341.12,NaN,339.5,339.35
8/15/1982,NaN,331.86,NaN,NaN,NaN,339,NaN,341.33,NaN,340.41,340.13
9/15/1982,NaN,332.84,NaN,335.75,NaN,337.64,340.52,340.51,NaN,339.81,340.3
10/15/1982,NaN,338.51,NaN,NaN,NaN,337.88,NaN,340.11,NaN,NaN,340.33
11/15/1982,NaN,342.68,NaN,341.66,NaN,339.07,NaN,340.55,NaN,339.99,340.06
12/15/1982,NaN,345.01,NaN,343.12,NaN,340.31,NaN,340.91,340.32,NaN,339.96
1/15/1983,NaN,346.79,NaN,344.59,NaN,341.81,341.66,340.6,NaN,NaN,339.86
2/15/1983,NaN,346.8,NaN,344.53,NaN,342.4,343.1,341.01,NaN,NaN,339.83
3/15/1983,NaN,347.72,NaN,345.5,NaN,342.69,343.29,341.02,NaN,340.3,339.84
4/15/1983,NaN,347.96,NaN,347.23,NaN,345.39,345.2,341.85,341.08,NaN,340.31
5/15/1983,NaN,348.15,NaN,347.86,NaN,345.96,344.96,342.01,341.21,NaN,340.62
6/15/1983,NaN,348.11,NaN,344.7,NaN,345.32,NaN,342.39,NaN,341.11,341.01
7/15/1983,NaN,340.11,NaN,340.69,NaN,343.14,NaN,342.37,341.57,341.27,341.41
8/15/1983,NaN,331.91,NaN,336.95,NaN,341.5,NaN,342.39,NaN,342.05,341.88
9/15/1983,NaN,335.78,NaN,339.68,NaN,339.83,NaN,342.17,NaN,NaN,342.32
10/15/1983,NaN,341.27,NaN,342.87,NaN,340.05,NaN,342.63,341.69,NaN,342.28
11/15/1983,NaN,345.88,NaN,343.08,NaN,340.89,341.66,342.93,342.21,341.45,342.54
12/15/1983,NaN,346.38,NaN,346.86,NaN,343.15,342.72,342.56,342.13,NaN,342.35
1/15/1984,NaN,349.41,NaN,345.89,NaN,343.98,343.71,343.83,NaN,341.38,342.05
2/15/1984,NaN,351,NaN,347.56,NaN,344.68,344.25,343.92,NaN,341.5,NaN
3/15/1984,NaN,350.32,NaN,347.49,NaN,345.51,345.82,343.97,342.35,341.4,341.72
4/15/1984,NaN,349.79,NaN,350.11,NaN,347.33,346.83,343.58,343.14,341.01,341.84
5/15/1984,NaN,350.89,NaN,349.48,NaN,347.39,346.04,342.9,NaN,341.91,341.87
6/15/1984,NaN,348.85,NaN,346.58,NaN,346.92,345.65,343.07,342.58,NaN,342.03
7/15/1984,NaN,340.19,NaN,343.14,NaN,345.15,344.93,343.46,342.13,342.97,342.82
8/15/1984,NaN,335.58,NaN,339.88,NaN,342.78,344.43,343.83,NaN,NaN,343.2
9/15/1984,NaN,337.26,NaN,340.9,NaN,340.83,343.34,344.52,NaN,342.75,343.45
10/15/1984,NaN,341.54,NaN,343.93,NaN,341.66,343.06,344.21,NaN,NaN,343.5
11/15/1984,NaN,344.72,NaN,344.87,NaN,343.07,343.9,344.01,NaN,342.86,343.33
12/15/1984,NaN,348.08,NaN,348.33,NaN,343.96,344.67,344.77,NaN,NaN,343.16
1/15/1985,NaN,349.65,NaN,348.05,NaN,344.74,345.45,344.93,NaN,NaN,343.01
2/15/1985,NaN,349.26,NaN,348.75,NaN,345.78,345.47,345.3,NaN,342.57,342.83
3/15/1985,NaN,350.72,NaN,349.13,NaN,347.45,346.79,345.4,NaN,342.58,342.72
4/15/1985,NaN,351.29,NaN,348.12,NaN,348.01,347.54,345.48,344.54,342.98,342.76
5/15/1985,352.76,352.69,NaN,350.39,NaN,348.96,347.08,344.79,342.87,343.19,343.11
6/15/1985,348.19,349.9,NaN,349.58,NaN,348.36,346.97,344.97,343.23,NaN,343.45
7/15/1985,343.36,343.86,NaN,345.6,NaN,346.61,346.37,345.19,344.35,344.1,343.93
8/15/1985,NaN,337.38,NaN,340.06,NaN,343.93,345.57,345.26,344.36,NaN,344.52
9/15/1985,338.64,338.35,NaN,340.43,NaN,342.89,344.8,346.77,344.71,NaN,344.86
10/15/1985,342.8,343.72,NaN,343.38,NaN,342.97,344.75,345.91,344.31,343.76,344.94
11/15/1985,347.12,347.43,NaN,347.46,NaN,344.12,345,346.33,344.38,NaN,344.79
12/15/1985,350.26,348.67,NaN,NaN,NaN,345.17,345.94,NaN,NaN,344.02,344.65
1/15/1986,351.16,349.71,NaN,NaN,NaN,346.21,346.47,346.34,NaN,343.31,344.62
2/15/1986,351.66,352.42,NaN,350.86,NaN,347.01,346.58,NaN,346.39,NaN,344.57
3/15/1986,352.83,354.22,NaN,349.74,NaN,348.09,347.62,346.83,NaN,344.87,344.5
4/15/1986,353.11,353.39,NaN,351.51,NaN,349.58,348.64,346.85,NaN,NaN,344.63
5/15/1986,353.71,354.04,NaN,351.73,NaN,350.29,347.99,345.98,345.56,345.01,344.69
6/15/1986,351.8,351,NaN,349.71,NaN,349.47,347.87,346.3,344.94,NaN,345.03
7/15/1986,347,344.72,NaN,345.34,NaN,347.85,347.59,346.75,NaN,345.4,345.55
8/15/1986,340.59,337.48,NaN,NaN,NaN,345.52,347.12,345.88,345.85,345.47,345.94
9/15/1986,339.41,340.94,NaN,342.21,NaN,344.51,346.69,NaN,NaN,345.97,346.18
10/15/1986,344.31,346.17,NaN,347.83,NaN,344.21,346.37,347.23,346.19,344.27,346.16
11/15/1986,348.69,348.46,NaN,346.83,NaN,345.57,346.44,347.09,NaN,NaN,346.17
12/15/1986,349.52,351.53,NaN,350.57,NaN,346.68,346.77,346.94,NaN,NaN,346.05
1/15/1987,351.6,353.17,NaN,350.27,NaN,347.68,347.58,347.12,346.45,NaN,345.87
2/15/1987,352.25,353.44,NaN,351.21,NaN,348.68,348.15,347.69,NaN,346.37,345.79
3/15/1987,354.03,354.65,NaN,351.06,NaN,349.62,349.07,348.71,NaN,345.65,345.74
4/15/1987,353.71,354.16,NaN,352.41,NaN,351.11,349.56,347.15,346.61,NaN,346.11
5/15/1987,354.67,355.06,NaN,353.09,NaN,351.79,350.34,347.37,347.15,346.79,346.22
6/15/1987,352.95,353.6,NaN,352.46,NaN,351.64,349.36,347.4,NaN,346.69,346.61
7/15/1987,348.36,346.6,NaN,347.48,NaN,350.07,349.57,347.66,NaN,347.19,347.19
8/15/1987,341.17,339.52,NaN,342.74,NaN,347.4,349.3,348.12,347.36,347.31,347.63
9/15/1987,340.54,340.93,NaN,345.64,NaN,346.73,348.54,348.3,348,348.21,348.07
10/15/1987,346.19,345.72,NaN,347.52,NaN,346.72,348.63,348.34,348.58,347.36,348.09
11/15/1987,349.33,349.56,NaN,350.94,NaN,348.29,348.54,348.99,348.71,347.19,348.18
12/15/1987,352.67,352.74,NaN,352.73,NaN,349.41,349.76,349.35,NaN,348.6,348.32
1/15/1988,354.19,355.29,NaN,352.77,NaN,350.35,350.62,349.7,349.66,347.92,348.28
2/15/1988,355.54,357.01,NaN,352.56,NaN,351.77,351.27,350.02,350.16,347.81,348.05
3/15/1988,356.28,356.44,NaN,353.53,NaN,352.52,351.93,349.49,349.1,347.98,347.87
4/15/1988,357.29,357.83,NaN,355.18,NaN,354.05,353.14,349.78,349.15,348.11,348.2
5/15/1988,356.99,356.79,NaN,356.64,NaN,354.39,352.28,349.58,348.69,348.94,348.33
6/15/1988,356.31,355.1,NaN,354.31,NaN,353.79,351.86,349.72,348.75,348.47,348.6
7/15/1988,348.53,347.95,NaN,351.63,NaN,352.46,351.52,349.98,NaN,348.88,349.08
8/15/1988,344.18,342.6,NaN,346.69,NaN,350.42,350.52,350.18,349.41,NaN,349.6
9/15/1988,NaN,345.63,NaN,347.8,NaN,348.89,350.54,350.09,349.89,NaN,349.74
10/15/1988,349.6,350.35,NaN,350.28,NaN,348.98,350.81,350.45,NaN,349.56,349.88
11/15/1988,354.9,355.05,NaN,352.42,NaN,349.8,351.14,350.84,NaN,349.02,349.82
12/15/1988,357.52,358.03,NaN,354.74,NaN,351.39,351.7,351.29,352.08,NaN,349.82
1/15/1989,356.39,359.87,NaN,355.66,NaN,352.48,352.47,351.71,351.11,349.63,349.81
2/15/1989,358.92,358.13,NaN,355.55,NaN,353.19,353.01,352.05,NaN,348.82,349.76
3/15/1989,360.15,359.95,NaN,356.22,NaN,353.63,354.05,351.14,350.28,350.11,349.65
4/15/1989,359.58,359.84,NaN,357.1,NaN,355.63,354.08,351.96,350.19,350.58,349.73
5/15/1989,359.59,359.53,NaN,357.13,NaN,355.9,353.68,351.83,NaN,350.36,349.93
6/15/1989,357.76,360.12,NaN,354.84,NaN,355.64,353.63,351.16,350.74,350.01,350.18
7/15/1989,351.61,352.21,NaN,350.8,NaN,354.07,352.94,351.31,350.88,NaN,350.6
8/15/1989,345.79,341.97,NaN,347.19,NaN,351.16,352.79,351.37,350.53,NaN,351.13
9/15/1989,346.22,345.01,NaN,346.93,NaN,349.35,352.17,351.38,349.87,350.84,351.39
10/15/1989,349.94,352.13,NaN,350.94,NaN,349.5,352.02,351.47,351.36,NaN,351.3
11/15/1989,354.76,355.98,NaN,353.86,NaN,351.17,352.06,351.94,NaN,351.4,351.33
12/15/1989,358.35,358.61,NaN,354.44,NaN,352.19,352.61,351.9,352.01,350.47,350.99
1/15/1990,359.34,359.47,NaN,356.95,NaN,353.71,353.73,352.35,NaN,350.65,350.79
2/15/1990,360.17,360.96,NaN,357.3,NaN,355.14,354.6,351.73,NaN,NaN,350.52
3/15/1990,360.83,361.78,NaN,357.8,NaN,355.67,355.71,352.91,NaN,350.91,350.63
4/15/1990,360.65,361.54,NaN,357.81,NaN,356.72,354.8,353.15,351.25,349.76,350.89
5/15/1990,360.26,362.21,NaN,359.17,NaN,357.6,354.3,352.45,351.8,NaN,351.36
6/15/1990,357.76,356.74,NaN,355.84,NaN,356.59,NaN,353.11,352.6,351.48,351.59
7/15/1990,351.33,351.13,NaN,351.38,NaN,355.28,NaN,352.93,NaN,352.28,352.07
8/15/1990,346.25,346.63,NaN,348.13,NaN,352.59,NaN,353.2,352.18,351.97,352.53
9/15/1990,347.14,347.51,NaN,349.51,NaN,351.1,NaN,353.3,352.96,352.93,352.75
10/15/1990,350.85,353.42,NaN,353.27,NaN,351.17,353.36,352.75,352.53,351.35,352.57
11/15/1990,355.8,356.52,NaN,355.36,NaN,352.8,353.69,353.42,352.74,352.34,352.83
12/15/1990,358.48,359.9,NaN,356,NaN,354.67,NaN,353.79,353.19,352.09,352.62
1/15/1991,360.55,361.43,NaN,NaN,NaN,354.61,355.19,354.6,353.58,351.99,NaN
2/15/1991,362.1,361.05,NaN,358.49,NaN,356.03,355.58,355,NaN,351.75,352.3
3/15/1991,360.99,362.46,NaN,359.54,NaN,357.4,355.46,354.77,NaN,352.15,352.27
4/15/1991,361.93,361.91,NaN,359.71,NaN,358.43,356.39,354.02,353.37,NaN,352.44
5/15/1991,361.51,362.2,NaN,360.6,NaN,359.14,NaN,353.94,NaN,352.62,352.54
6/15/1991,359.93,360.05,NaN,357.57,NaN,358.29,356.28,354.17,352.78,354.19,352.96
7/15/1991,354.17,352.81,NaN,354.71,NaN,355.54,355.58,354.36,353.64,353.6,353.41
8/15/1991,347.59,346.84,NaN,350.14,NaN,354.13,354.45,354.2,353.67,NaN,353.68
9/15/1991,348.71,347.81,NaN,350.3,NaN,351.97,354.19,353.9,353.63,353,354.08
10/15/1991,352.98,353.69,NaN,354.13,NaN,352.19,354.6,353.87,NaN,352.9,353.88
11/15/1991,357.56,358.95,NaN,357.88,NaN,353.87,354.64,354.7,NaN,352.93,353.94
12/15/1991,359.99,360.39,NaN,357.67,NaN,355.23,355.06,355,354.75,NaN,353.78
1/15/1992,362.17,362.06,NaN,359.35,NaN,356.43,355.76,354.08,354.16,352.2,353.57
2/15/1992,362.21,362.35,NaN,358.88,NaN,356.83,357.11,354.93,353.99,NaN,353.43
3/15/1992,363.79,362.36,NaN,359.6,NaN,357.92,356.85,354.91,NaN,NaN,353.03
4/15/1992,362.64,363.04,NaN,360.58,NaN,359.16,356.29,354.81,354,353.41,353.23
5/15/1992,363.18,362.49,NaN,360.93,NaN,359.63,357.82,355.05,354.25,353.5,353.74
6/15/1992,361.65,360.96,NaN,359.11,NaN,359.46,357.48,355.32,NaN,354.89,354
7/15/1992,353.94,353.27,NaN,352.79,NaN,356.46,NaN,355.69,354.92,354.74,354.61
8/15/1992,347,347.2,NaN,350.34,NaN,354.71,356.05,355.65,355.05,355.25,354.94
9/15/1992,347.85,347.65,NaN,350.14,NaN,353.51,354.88,355.23,354.98,354.81,355.25
10/15/1992,352.23,353.38,NaN,353.91,NaN,353.08,355.36,355.61,NaN,354.75,355.36
11/15/1992,356.8,356.8,NaN,NaN,NaN,354.68,355.21,355.21,NaN,354.19,355.1
12/15/1992,361.08,360.94,NaN,358.4,NaN,355.79,356.3,355.88,355.41,NaN,354.88
1/15/1993,361.93,362.85,NaN,359.34,NaN,356.77,356.93,355.39,NaN,353.83,354.73
2/15/1993,361.93,362.29,NaN,359.82,NaN,357.01,356.96,355.85,NaN,353.6,354.5
3/15/1993,362.76,363.6,NaN,360.1,NaN,358.41,357.34,356.36,355.14,355.32,354.22
4/15/1993,363.52,363.38,NaN,361.31,NaN,359.15,359.18,355.7,NaN,354.42,354.42
5/15/1993,NaN,363.79,NaN,362.05,NaN,360.62,358.44,354.98,354.6,355.05,354.49
6/15/1993,361,360.7,NaN,359.82,NaN,359.67,357.98,356.04,355.04,354.54,354.84
7/15/1993,354.18,351.91,NaN,354.45,NaN,357.42,357.91,356.1,355.23,355.85,355.21
8/15/1993,348.11,347.28,NaN,350.94,NaN,355.69,357.8,356.4,NaN,355.48,355.69
9/15/1993,348.48,348.54,NaN,351.61,NaN,353.43,356.62,356.07,355.69,356.05,356.04
10/15/1993,353.4,354.29,NaN,355.65,NaN,353.81,355.9,356.41,356.47,355.11,356.05
11/15/1993,357.02,358.45,NaN,357.15,NaN,355.52,NaN,356.66,356.99,355.65,355.97
12/15/1993,360.36,361.52,NaN,359.95,NaN,356.86,357.99,356.96,356.65,355.14,355.69
1/15/1994,363.06,362.21,NaN,360.37,NaN,358.49,358.23,357.34,357.64,354.81,355.5
2/15/1994,364.16,364.39,NaN,361.53,NaN,359.09,358.51,357.84,356.63,355.14,355.46
3/15/1994,364.86,365.23,NaN,361.97,NaN,359.59,359.34,357.31,356.68,356.13,355.5
4/15/1994,364.46,364.6,NaN,362.94,NaN,361.2,360.44,357.34,NaN,355.97,355.64
5/15/1994,364.31,364.56,NaN,363.66,NaN,361.64,359.9,357.24,NaN,355.9,355.7
6/15/1994,362.14,363.08,NaN,361.64,NaN,361.05,359.44,357.77,356.45,356.12,355.99
7/15/1994,356.73,354.26,NaN,356.93,NaN,358.93,359.43,357.46,356.71,357.06,356.47
8/15/1994,350.87,347.7,NaN,352.83,NaN,357.2,359.86,357.55,357.19,357.39,357.11
9/15/1994,350.49,350.08,NaN,352.77,NaN,355.07,358.4,357.81,357.61,357.61,357.6
10/15/1994,356.06,356.22,NaN,357.09,NaN,355.74,358.75,357.84,357.64,357.73,357.52
11/15/1994,360.04,359.39,NaN,359.72,NaN,357.29,NaN,358.46,NaN,NaN,357.71
12/15/1994,363.29,364.75,NaN,362.61,NaN,359.53,NaN,358.94,NaN,NaN,357.52
1/15/1995,363.5,365.45,NaN,362.23,NaN,360.09,NaN,358.58,358.26,356.45,357.45
2/15/1995,364.92,366.93,NaN,362.73,NaN,360.75,NaN,359.7,NaN,356.18,357.36
3/15/1995,366.71,366.75,NaN,363.55,NaN,361.93,NaN,359.3,NaN,NaN,357.36
4/15/1995,366.33,367.21,NaN,364.72,NaN,363.07,NaN,358.83,NaN,357.12,357.64
5/15/1995,365.75,366.25,NaN,364.31,NaN,363.6,NaN,359.77,358.62,357.09,357.82
6/15/1995,364.32,364.53,NaN,363.63,NaN,363.53,NaN,359.44,359.77,NaN,357.96
7/15/1995,358.6,357.5,NaN,358.85,NaN,361.69,361.24,360.12,NaN,358.65,358.34
8/15/1995,352.05,350.78,NaN,354.01,NaN,358.53,360.61,359.72,359.06,358.97,358.75
9/15/1995,353.46,353.56,NaN,356.57,NaN,358.01,360.4,359.52,NaN,358.86,359.14
10/15/1995,357.26,357.55,NaN,359.24,NaN,357.55,360.62,359.81,NaN,358.15,359.27
11/15/1995,362.32,NaN,NaN,360.83,NaN,359.35,NaN,360.28,NaN,358.86,359.42
12/15/1995,365.65,365.38,NaN,NaN,NaN,360.55,361.41,360.75,NaN,358.45,359.47
1/15/1996,366.94,367.08,NaN,364.56,NaN,362.15,362.38,361.57,NaN,NaN,359.36
2/15/1996,366.69,NaN,NaN,365.21,NaN,362.88,363.21,362.01,360.21,358.97,359.34
3/15/1996,367.62,367.95,NaN,365.82,NaN,363.9,364.17,362.01,359.68,360.38,359.25
4/15/1996,368.16,368.12,NaN,366.5,NaN,364.63,NaN,360.26,NaN,358.69,359.36
5/15/1996,369.13,369.87,NaN,366.79,NaN,365.23,NaN,360.91,359.5,359.77,359.43
6/15/1996,367.33,367.61,NaN,365.02,NaN,365.3,363.66,361.31,NaN,NaN,359.71
7/15/1996,361.52,360.54,NaN,359.37,NaN,363.82,363.48,360.96,360.67,359.97,360.16
8/15/1996,356.13,353.11,NaN,357.33,NaN,361.24,362.51,361.43,360.66,360.45,360.52
9/15/1996,354.52,355.16,NaN,357.24,NaN,358.86,NaN,360.98,359.91,NaN,360.7
10/15/1996,360.1,362.23,NaN,360.27,NaN,359.39,NaN,361.05,NaN,359.27,360.71
11/15/1996,363.81,363.39,NaN,363.16,NaN,360.89,NaN,361.6,360.92,359.8,360.73
12/15/1996,365.52,366.92,NaN,NaN,NaN,362.09,NaN,362.04,361.86,360.69,360.7
1/15/1997,368.33,370.28,NaN,365.57,365.64,363.01,363.57,362.43,361.37,NaN,360.53
2/15/1997,369.05,369.43,NaN,366.39,365.93,364.21,364,362.15,NaN,NaN,360.46
3/15/1997,368.15,368.44,NaN,366.91,366.88,364.74,364.8,362.35,NaN,360.23,360.32
4/15/1997,368.83,370.44,NaN,368,368.65,366.18,364.42,362.43,361.27,360.01,360.49
5/15/1997,369.48,369.78,NaN,368.46,369.71,366.65,NaN,361.28,360.79,360.35,360.58
6/15/1997,367.58,368.7,NaN,365.74,366.83,365.56,363.98,361.54,361.55,NaN,360.91
7/15/1997,360.84,359.91,NaN,360.86,NaN,364.02,364.65,362.21,NaN,NaN,361.25
8/15/1997,355.16,352.25,NaN,356.86,362.5,362.32,NaN,362.07,NaN,361.75,361.53
9/15/1997,356.01,357.46,NaN,358.69,363.06,360.11,362.85,362.35,362.01,NaN,361.94
10/15/1997,360.7,361.16,NaN,361.33,362.95,360.5,362.7,362.99,NaN,NaN,362.01
11/15/1997,364.74,366.48,NaN,364.46,364.02,362.46,362.31,363.24,NaN,NaN,362.11
12/15/1997,367.82,367.4,NaN,366.37,366.34,363.95,364.69,363.44,362.71,NaN,362.15
1/15/1998,369.43,369.86,NaN,366.88,366.09,365,NaN,363.85,NaN,362.29,362.09
2/15/1998,370.1,372.45,NaN,368.21,367.76,365.72,NaN,363.54,NaN,362.5,362.29
3/15/1998,370.88,370.84,NaN,368.03,368.14,367.03,368.43,363.64,NaN,362.78,362.39
4/15/1998,370.53,371.23,NaN,370.43,369.66,368.38,368.79,363.34,363.7,363,362.67
5/15/1998,371.54,371.76,NaN,370.26,370.49,369.2,NaN,364.09,364.05,363.02,362.98
6/15/1998,369.28,370.52,NaN,366.92,369.17,368.81,367.16,364.81,365.29,NaN,363.54
7/15/1998,364.49,360.14,NaN,365.09,367.42,367.61,366.87,364.99,363.77,364.09,364.05
8/15/1998,357.42,356.29,NaN,360.58,364.95,365.31,366.28,365.21,NaN,364.54,364.56
9/15/1998,360.55,NaN,NaN,361.91,NaN,364.16,366.12,365.37,364.41,364.86,364.98
10/15/1998,364.03,364.78,NaN,365.93,365.68,364.03,366.5,365.61,NaN,NaN,365.01
11/15/1998,368.71,368.87,NaN,NaN,367.88,365.6,366.35,366.1,NaN,NaN,365.12
12/15/1998,371.59,373.13,NaN,370.23,368.92,367.47,367.32,366.31,NaN,364.36,364.98
1/15/1999,372.65,374.15,NaN,369.37,370.13,367.91,NaN,366.87,366.68,364.96,364.95
2/15/1999,373.84,373.53,NaN,371.52,371.58,368.36,368.96,366.69,NaN,365.39,364.76
3/15/1999,373.77,373.98,NaN,371.84,372.1,369.27,369.87,366.32,365.66,NaN,364.82
4/15/1999,374.1,374.55,NaN,373.39,373.93,371.01,370.27,367.04,365.81,363.89,364.99
5/15/1999,374.5,375.4,NaN,373.91,372.92,370.82,368.54,366.56,NaN,365.05,365.06
6/15/1999,372.05,373.09,NaN,370.53,370.44,370.49,369.06,366.88,365.46,365.35,NaN
7/15/1999,364.81,363.14,NaN,364.81,367.28,369.32,368.82,367.44,366.2,366.2,365.67
8/15/1999,359.1,358.61,NaN,363.51,369.06,366.72,367.85,367.2,366.64,NaN,365.92
9/15/1999,359.66,360.27,NaN,361.28,365.73,364.64,367.79,366.93,NaN,NaN,366.35
10/15/1999,364.93,364.71,NaN,366.1,366.47,365.06,367.25,366.93,NaN,366.54,366.5
11/15/1999,369.79,NaN,NaN,368.38,368.26,366.64,368.19,367.24,366.92,366.05,366.73
12/15/1999,372.63,373.03,NaN,369.99,370.66,368.32,368.81,367.61,367.7,365.85,366.8
1/15/2000,373.23,374.53,NaN,370.14,370.47,369.61,369.61,368.39,367.43,365.63,366.48
2/15/2000,375.13,376.47,NaN,372.38,372.23,369.97,369.93,368.56,368.77,NaN,366.49
3/15/2000,374.83,374.73,NaN,373.39,373.79,370.63,370.43,367.99,366.74,366.16,NaN
4/15/2000,375.42,375.66,NaN,373.93,374.09,372.03,372.25,367.83,NaN,NaN,366.46
5/15/2000,376.18,376.81,NaN,374.3,374.37,371.58,370.57,367.15,366.28,366.11,366.58
6/15/2000,374.01,373.23,NaN,371.38,372.61,371.56,370.4,367.12,365.81,NaN,366.79
7/15/2000,366.52,365.35,NaN,366.02,369.16,370.05,371.33,368.42,366.82,367.62,367.12
8/15/2000,360.77,359.98,NaN,362.33,369.47,368.13,369.48,368.31,367.72,366.25,367.53
9/15/2000,361.78,361.9,NaN,363.16,368.27,366.94,368.87,368.09,NaN,NaN,367.65
10/15/2000,367.52,366.86,NaN,368.17,368.26,367.14,369.29,368.63,367.91,366.97,367.74
11/15/2000,370.55,370.62,NaN,370.66,371.14,368.46,369.28,368.88,368.45,367.36,367.88
12/15/2000,373.37,373.57,NaN,371.41,372.34,369.85,371.42,368.94,NaN,NaN,367.83
1/15/2001,376.15,375.32,NaN,372.33,373.55,370.94,NaN,369.56,NaN,NaN,367.81
2/15/2001,375.93,376.7,NaN,373.84,374.78,371.49,NaN,370.06,NaN,NaN,367.1
3/15/2001,376.44,376.8,NaN,374.32,375.13,372.56,NaN,370.07,368.54,367.07,367.04
4/15/2001,377.48,377.69,NaN,375.8,374.72,373.35,NaN,369.79,367.47,367.22,367.37
5/15/2001,377.67,377.56,NaN,376.51,376.65,374.34,NaN,368.95,367.73,368.16,367.61
6/15/2001,374.8,375.38,NaN,373.33,374.91,373.67,NaN,369.58,NaN,NaN,367.94
7/15/2001,367.38,367.89,NaN,366.78,373.05,371.49,NaN,370.33,369.54,NaN,368.3
8/15/2001,361.65,360.79,NaN,364.85,368.12,369.58,371.02,370.05,NaN,NaN,368.86
9/15/2001,363.41,363.43,NaN,364.28,368.71,368.04,NaN,369.78,NaN,368.58,369.44
10/15/2001,367.74,368.99,NaN,368.37,372.57,368.25,NaN,370.08,369.05,368.99,369.6
11/15/2001,373.17,372.53,NaN,372.79,371.61,369.9,NaN,370.45,369.6,NaN,369.48
12/15/2001,374.42,376.42,NaN,373.32,372.88,371.36,NaN,370.74,NaN,NaN,369.25
1/15/2002,376.64,378.35,NaN,375.02,374.02,372.01,NaN,371,NaN,NaN,369.31
2/15/2002,377.42,377.83,NaN,375.18,NaN,372.62,NaN,371.78,NaN,NaN,369.5
3/15/2002,378.26,379.1,NaN,376.65,376.31,373.88,NaN,371.92,NaN,NaN,369.6
4/15/2002,378.73,379.08,NaN,376.24,375.79,374.58,NaN,371.04,NaN,NaN,369.72
5/15/2002,379.01,379.19,NaN,377.28,377.48,375.46,374.64,370.76,NaN,369.92,369.99
6/15/2002,375.95,376.41,NaN,374.16,376.08,375.81,374.08,371.64,371.14,NaN,370.39
7/15/2002,370.76,370.75,NaN,370.66,372.53,373.9,NaN,371.99,371.29,371.15,370.89
8/15/2002,364.05,362.66,NaN,364.17,370.27,371.3,NaN,371.96,371.19,NaN,371.47
9/15/2002,365.36,365.93,NaN,368.07,371.9,369.7,NaN,372.05,372.56,NaN,371.7
10/15/2002,370.25,370.74,NaN,371.36,372.25,370.41,373.27,372.61,371.97,371.59,371.83
11/15/2002,374.04,375.69,NaN,373.11,374.21,372.33,373.59,373.18,372.41,371.69,371.82
12/15/2002,377.99,377.14,NaN,376.09,376.42,373.87,374.23,373.41,NaN,NaN,371.61
1/15/2003,379.02,379.02,NaN,NaN,376.12,374.67,NaN,373.42,NaN,371.55,371.93
2/15/2003,379.35,382.28,NaN,378.03,377.51,375.57,375.38,373.01,373.22,NaN,371.77
3/15/2003,380.88,381.42,NaN,378.28,NaN,376.81,376.1,374.7,NaN,NaN,371.7
4/15/2003,381.38,381.48,NaN,380.05,380.32,378.01,NaN,374.17,373.07,372.26,371.99
5/15/2003,382.38,382.23,NaN,380.02,381.73,378.82,NaN,374.03,373.73,372.73,372.32
6/15/2003,381.03,380.7,NaN,378.34,378.85,378.57,NaN,373.27,373.39,373.28,372.58
7/15/2003,373.78,370.91,NaN,373.12,NaN,376.08,NaN,374.32,NaN,NaN,372.97
8/15/2003,367.97,364.69,NaN,368.61,376.2,374.73,376.13,374.66,NaN,373.4,373.41
9/15/2003,368.55,368.32,NaN,369.06,NaN,372.6,375.04,374.17,373.73,NaN,373.89
10/15/2003,372.28,372.54,NaN,374.04,NaN,372.87,374.67,374.15,373.33,373.39,373.81
11/15/2003,377.72,378.63,NaN,377.42,377.54,375.02,375.54,374.63,NaN,NaN,373.64
12/15/2003,380,382.51,NaN,378.8,378.4,375.59,376.76,375.18,NaN,NaN,373.61
1/15/2004,382.45,382.59,NaN,380.03,379.81,376.41,377.05,375.46,NaN,NaN,373.58
2/15/2004,382.33,383.2,NaN,380.24,379.57,377.39,376.7,376.46,375.3,NaN,373.47
3/15/2004,381.58,382.15,NaN,380.96,380.42,379.04,378.55,375.86,NaN,373.85,373.85
4/15/2004,383.2,383.8,NaN,381.79,382.16,380.5,379.49,375.81,NaN,374.37,373.89
5/15/2004,383.56,383.46,NaN,381.79,382.16,380.43,379.74,375.02,NaN,NaN,374.08
6/15/2004,382.6,380.39,NaN,379.57,381.97,379.64,377.4,375.95,374.73,374.99,374.48
7/15/2004,374.62,371.62,NaN,376.09,377.26,377.5,377.81,375.56,375.35,375.06,374.89
8/15/2004,368.66,366.49,NaN,369.58,377.54,375.69,377.11,376.31,375.15,374.98,375.39
9/15/2004,368.56,367.89,NaN,370.42,NaN,374.02,377.15,375.95,NaN,NaN,375.53
10/15/2004,373.38,373.59,NaN,375.65,NaN,374.32,377.78,376.06,NaN,NaN,375.62
11/15/2004,378.5,379.33,NaN,NaN,NaN,376.09,376.65,376.19,NaN,NaN,375.53
12/15/2004,381.67,382.45,NaN,380.18,NaN,377.44,378,377.03,NaN,374.75,375.28
1/15/2005,384.11,384.6,NaN,380.09,379.7,378.48,379.57,377.31,NaN,NaN,375.35
2/15/2005,384.29,385.63,NaN,382.26,381.04,379.95,379.1,376.76,NaN,375.46,375.24
3/15/2005,384.13,385.92,NaN,382.62,382.89,380.61,379.88,378.28,377.42,375.35,375.6
4/15/2005,385.29,385.23,NaN,383.46,383.89,382,NaN,378.17,376,374.41,375.74
5/15/2005,385.3,385.21,NaN,383.85,384.67,382.27,380.57,376.52,376.44,375.92,376.15
6/15/2005,383.78,383.18,NaN,382.28,383.78,381.96,380.81,377.92,NaN,376.81,376.46
7/15/2005,377.05,376.58,NaN,376.74,379.6,380.98,380.06,377.79,377.57,NaN,NaN
8/15/2005,370.58,368.61,NaN,372.13,379.45,378.43,379.7,378.26,377.93,378.43,NaN
9/15/2005,372.08,370.74,NaN,373.79,NaN,376.33,378.73,378.07,377.6,377.42,377.73
10/15/2005,375.18,377.08,NaN,377.88,380.02,377,NaN,378.27,378.12,377.56,378
11/15/2005,381.69,NaN,NaN,379.45,380.42,378.18,379.52,379.04,NaN,NaN,377.66
12/15/2005,385.04,385.7,NaN,382.51,NaN,379.92,380.05,379.03,NaN,NaN,377.83
1/15/2006,384.95,386.27,NaN,384.16,NaN,380.96,381.31,380.13,NaN,377.18,377.82
2/15/2006,385.52,387.55,NaN,385.31,NaN,381.99,382.59,380.55,NaN,NaN,377.58
3/15/2006,386.79,387.66,NaN,385.82,385.24,382.36,382.61,379.54,379.9,377.76,377.6
4/15/2006,387.72,387.35,NaN,386.17,NaN,384.76,383.97,379.51,NaN,378.02,NaN
5/15/2006,388.61,388.76,NaN,386.64,NaN,385.36,NaN,379.71,379.8,378.32,378.01
6/15/2006,387.51,386.61,NaN,384.17,386.12,383.91,381.96,379.49,NaN,378.84,378.35
7/15/2006,380.87,379.24,NaN,381.59,384.8,382.35,381.42,379.58,378.77,379.1,378.86
8/15/2006,373.88,371.51,NaN,375.94,380.01,380.03,381.19,379.72,NaN,379.38,379.24
9/15/2006,374.79,374.5,NaN,376.89,379.27,378.44,381.49,379.6,NaN,NaN,379.24
10/15/2006,378.86,379.09,NaN,379.83,380.81,379.05,381.28,379.87,NaN,378.91,379.3
11/15/2006,384.2,384.57,NaN,383.12,NaN,380.09,380.77,380.56,NaN,NaN,379.34
12/15/2006,387.15,387.6,NaN,NaN,384.32,381.38,382.33,381.19,NaN,379.02,NaN
1/15/2007,388.28,390.04,NaN,386.2,387.33,382.95,382.09,380.74,NaN,NaN,379.22
2/15/2007,388.81,390.13,NaN,386.75,NaN,384.19,382.73,382.34,NaN,NaN,379.28
3/15/2007,389.69,389.81,NaN,387.48,387.28,384.36,384.1,382.3,NaN,NaN,379.28
4/15/2007,389.76,389.97,NaN,389.08,388.18,386.47,384.98,381.88,NaN,380.23,379.6
5/15/2007,389.5,389.91,NaN,388.6,389.62,386.48,384.65,381.62,380.5,NaN,379.92
6/15/2007,387.85,386.43,NaN,385.99,NaN,385.97,383.99,381.82,380.6,380.65,380.3
7/15/2007,380.78,377.84,NaN,381.13,NaN,384.62,383.89,382.52,NaN,380.9,380.71
8/15/2007,372.95,373.19,NaN,378.18,NaN,381.66,383.69,382.25,NaN,380.8,381.2
9/15/2007,375.35,375.72,NaN,378.56,NaN,380.24,382.88,382.12,NaN,381.12,381.51
10/15/2007,380.65,381.23,NaN,382.03,NaN,380.79,382.9,382.34,382.1,381.24,381.67
11/15/2007,384.27,385.1,NaN,NaN,NaN,382.36,NaN,382.57,NaN,381.05,381.61
12/15/2007,NaN,390.31,NaN,386.09,NaN,383.81,384.03,383.41,382.02,NaN,381.67
1/15/2008,390.11,NaN,NaN,388.24,NaN,385.46,385.49,383.92,NaN,381.51,381.78
2/15/2008,390.87,392.93,NaN,388.24,NaN,385.24,385.49,383.82,383.14,NaN,381.52
3/15/2008,392.53,392.51,NaN,NaN,NaN,385.84,385.22,383.56,NaN,381.71,381.64
4/15/2008,392.28,392.37,NaN,390.38,391.17,387.35,386.82,383.28,NaN,381.08,381.9
5/15/2008,392.63,392.65,NaN,390.13,NaN,388.63,386.62,383.91,NaN,NaN,381.81
6/15/2008,389.45,389.87,NaN,388.71,389.93,388.12,385.22,383.81,NaN,NaN,382.09
7/15/2008,382.98,382.02,NaN,381.86,NaN,386.53,385.5,383.69,NaN,382.94,382.59
8/15/2008,NaN,376.29,NaN,379.25,NaN,383.77,385.42,383.85,NaN,NaN,383.06
9/15/2008,377.44,378.09,NaN,NaN,NaN,382.78,384.54,383.56,NaN,383.31,383.35
10/15/2008,381.49,383.87,NaN,383.25,NaN,382.5,384.24,384.01,NaN,NaN,383.25
11/15/2008,388.12,389.19,NaN,386.97,387.93,383.98,385.57,384.36,383.9,NaN,383.35
12/15/2008,389.92,391.9,NaN,388.98,387.9,385.35,385.96,384.94,NaN,NaN,383.35
1/15/2009,393.21,392.43,NaN,388.59,387.29,386.82,387.38,385.53,NaN,383.07,383.37
2/15/2009,392.35,393.06,NaN,390.43,390.46,387.19,388.45,384.17,385.81,NaN,383.06
3/15/2009,393.49,393.58,NaN,391.12,390.82,388.23,NaN,385.11,NaN,383.95,383.1
4/15/2009,393.9,395.79,NaN,391.57,NaN,389.36,389.25,384.95,383.43,NaN,383.29
5/15/2009,394,393.89,NaN,391.98,NaN,390.11,387.33,384.85,NaN,383.94,383.38
6/15/2009,391.58,391.32,NaN,388.83,NaN,389.55,387.6,384.15,384.54,NaN,383.73
7/15/2009,385.05,382.29,NaN,NaN,NaN,387.66,NaN,385.2,NaN,NaN,384.19
8/15/2009,377.89,373.81,NaN,380.96,NaN,385.7,NaN,385.06,384.41,384.56,384.53
9/15/2009,377.65,378.29,NaN,379.18,NaN,384.26,NaN,384.49,NaN,384.3,384.81
10/15/2009,382.95,386.04,NaN,383.63,NaN,384.32,386.43,385.14,NaN,383.53,384.98
11/15/2009,387.24,387.07,NaN,386.32,NaN,385.89,386.32,384.89,NaN,NaN,384.96
12/15/2009,NaN,392.6,NaN,391.04,NaN,387.3,387.18,385.33,NaN,384.01,384.88
1/15/2010,392.34,393.84,NaN,390.69,NaN,388,387.98,NaN,385.39,NaN,384.9
2/15/2010,393.49,393.87,NaN,390.82,NaN,389.89,390,386.3,387.27,384.85,384.49
3/15/2010,393.69,394.61,NaN,392.33,NaN,390.58,390.8,387.89,NaN,NaN,384.59
4/15/2010,395,396.07,NaN,394.22,NaN,392.6,NaN,386.47,NaN,384.85,384.79
5/15/2010,395.6,395.36,NaN,394.36,NaN,392.99,389.02,NaN,387.59,NaN,384.99
6/15/2010,394.47,394.53,NaN,392.5,NaN,392.25,389.47,388.06,NaN,385.51,385.52
7/15/2010,386.26,382.61,NaN,384.06,NaN,390.04,NaN,NaN,NaN,386.31,386.23
8/15/2010,380.68,377.01,NaN,380.88,NaN,387.75,388.28,387.87,387.2,387.05,386.82
9/15/2010,382.22,383.46,NaN,384.45,NaN,386.2,387.81,387.58,386.81,NaN,387.29
10/15/2010,386.98,388.62,NaN,388.97,NaN,387.06,388,387.93,NaN,387,387.27
11/15/2010,391.36,393.09,NaN,NaN,NaN,388.54,NaN,388.06,388.11,NaN,387.14
12/15/2010,394,397.04,NaN,392.76,NaN,389.62,389.72,388.63,NaN,387.52,387.24
1/15/2011,395.22,398.08,NaN,395.47,NaN,391.57,390.12,389.5,389.47,386.96,387.12
2/15/2011,396.09,397.01,NaN,394.66,NaN,391.53,391.25,388.86,NaN,NaN,387.23
3/15/2011,397.44,398.11,NaN,395.35,NaN,392.05,390.62,389.2,NaN,386.24,386.78
4/15/2011,398.07,398.93,NaN,396.3,NaN,393.56,391.7,387.97,387.83,388.39,386.9
5/15/2011,398.37,398.52,NaN,395.99,NaN,394.58,391.5,389.4,NaN,NaN,387.02
6/15/2011,395.01,394.55,NaN,394.34,NaN,393.37,NaN,388.83,NaN,NaN,387.45
7/15/2011,NaN,384.37,NaN,388.14,NaN,392.4,391.94,389.03,389.82,388.21,387.8
8/15/2011,380.53,378.81,NaN,383.05,NaN,390.03,390.88,389.92,NaN,NaN,388.38
9/15/2011,381.8,383.32,NaN,NaN,NaN,388.42,390.64,NaN,NaN,389.27,388.67
10/15/2011,387.91,389.85,NaN,389.23,NaN,389.09,390.27,390.19,NaN,387.81,388.97
11/15/2011,393.55,395.22,NaN,393.41,NaN,390.34,390.78,390.32,NaN,NaN,388.83
12/15/2011,396.52,397.29,NaN,NaN,NaN,391.79,391.4,390.48,NaN,NaN,388.6
1/15/2012,398.83,398.9,NaN,395.76,NaN,393,NaN,391.42,NaN,388.25,388.87
2/15/2012,398.56,398.64,NaN,397.62,NaN,393.27,393.33,391.88,NaN,387.92,388.35
3/15/2012,399.19,399.04,NaN,397.11,NaN,394.22,393.99,391.78,390.49,388.33,388.7
4/15/2012,399.87,399.87,NaN,397.93,NaN,396.28,393.41,391.46,NaN,388.32,388.76
5/15/2012,400.15,400.65,NaN,398.05,NaN,396.96,393.01,391.32,NaN,389.08,389.16
6/15/2012,397.19,397.05,NaN,396.64,NaN,395.9,393.55,391.47,NaN,390.39,389.43
7/15/2012,389.48,385.7,NaN,391.06,NaN,394.18,NaN,390.54,390.22,NaN,390.18
8/15/2012,382.55,379.59,NaN,388.02,NaN,391.83,392.6,391.88,NaN,390.62,390.9
9/15/2012,385.93,386.19,NaN,390.22,NaN,390.97,NaN,391.65,390.76,391.36,391.08
10/15/2012,390.31,393.22,NaN,392.38,NaN,390.9,394.45,391.98,391.49,NaN,391.25
11/15/2012,395.91,398.16,NaN,395.36,NaN,393.18,393.83,392.77,NaN,NaN,391.12
12/15/2012,399.23,399.26,NaN,397.57,NaN,394.48,NaN,393.09,392.05,391.38,391.37
1/15/2013,400.84,401.11,NaN,399.65,NaN,395.62,NaN,394.74,NaN,391.49,391.19
2/15/2013,401.27,402.35,NaN,401.33,NaN,396.73,NaN,393.84,NaN,390.86,391.26
3/15/2013,401.29,403.02,NaN,399.33,NaN,397.87,NaN,393.96,391.69,391.8,391.31
4/15/2013,401.79,402.36,NaN,401.36,NaN,398.62,NaN,395.04,392.82,NaN,391.72
5/15/2013,NaN,403.26,NaN,401.22,NaN,400.11,NaN,394.93,NaN,392.61,392.34
6/15/2013,400.54,400.72,NaN,399.55,NaN,398.7,397.22,394.04,393.84,392.93,392.83
7/15/2013,394.69,389.88,NaN,392.21,NaN,397.58,397.1,394.69,NaN,NaN,393.38
8/15/2013,387.68,387.25,NaN,388.59,NaN,394.76,395.95,394.88,393.19,NaN,393.92
9/15/2013,387.82,388.66,NaN,392.17,NaN,393.5,397.44,395.06,NaN,393.9,394.08
10/15/2013,394.15,395.26,NaN,395.82,NaN,394.02,NaN,394.97,NaN,NaN,394.03
11/15/2013,399.71,399.65,NaN,NaN,NaN,395.65,395.79,395.27,NaN,NaN,394.04
12/15/2013,401.58,403.82,NaN,400.58,NaN,397.26,NaN,396.03,395.61,NaN,394.18
1/15/2014,NaN,402.6,NaN,401.72,NaN,398.01,397.52,396.92,NaN,393.2,394.17
2/15/2014,404.38,406.34,NaN,402.04,NaN,398.21,NaN,397.44,NaN,393.05,394
3/15/2014,406.66,405.15,NaN,403.73,NaN,400.11,397.64,396.27,NaN,393.82,393.97
4/15/2014,404.86,405.91,NaN,404.12,NaN,401.8,399.52,395.69,395.31,394.47,394.16
5/15/2014,405.48,405.71,NaN,403.56,NaN,402.47,398.71,395.42,395.15,NaN,394.44
6/15/2014,403.4,403.32,NaN,400.54,NaN,401.72,397.33,395.98,NaN,NaN,394.66
7/15/2014,396.14,393.93,NaN,395.98,NaN,399.05,397.77,397.65,NaN,NaN,395.16
8/15/2014,389.67,388.57,NaN,392.74,NaN,396.76,397.32,396.19,395.29,394.33,395.66
9/15/2014,NaN,389.88,NaN,394.09,NaN,395.48,397.09,396.29,NaN,395.66,395.96
10/15/2014,NaN,394.74,NaN,398.69,NaN,395.6,NaN,396.43,NaN,NaN,396.07
11/15/2014,399.22,401.68,NaN,401.48,NaN,397.43,NaN,397.02,396.02,394.96,396.03
12/15/2014,403.95,403.54,NaN,402.37,NaN,399.36,NaN,397.14,396.41,395.68,396.1
1/15/2015,404.02,405.32,NaN,NaN,NaN,400.15,NaN,398.99,NaN,NaN,396.16
2/15/2015,407.98,408.08,NaN,406.1,NaN,400.61,399.8,398.09,NaN,394.88,395.94
3/15/2015,407.83,407.04,NaN,403.49,NaN,401.5,399.83,398.82,397.01,NaN,395.85
4/15/2015,406.82,407.26,NaN,405.61,NaN,403.82,399.33,398.72,NaN,NaN,396.31
5/15/2015,407.43,407.38,NaN,404.76,NaN,404.12,NaN,397.41,NaN,NaN,396.88
6/15/2015,404.54,403.17,NaN,403.72,NaN,403.03,NaN,397.1,NaN,395.85,397.4
7/15/2015,397.59,392.74,NaN,397.22,NaN,401.27,NaN,397.97,397.6,397.84,398.05
8/15/2015,391.07,389.55,NaN,397.18,NaN,398.76,NaN,398.51,398.13,NaN,398.16
9/15/2015,392.37,392.47,NaN,395.76,NaN,397.61,NaN,398.66,NaN,NaN,398.62
10/15/2015,397.19,397.45,NaN,401.3,NaN,398.43,NaN,398.76,NaN,397.74,398.59
11/15/2015,403.87,404.41,NaN,402.56,NaN,400.05,400.06,399.54,399.09,NaN,398.75
12/15/2015,406.23,407.94,NaN,404.19,NaN,401.56,403.48,400.5,400.53,398.78,398.72
1/15/2016,406.63,408.45,NaN,404.99,NaN,402.68,NaN,399.82,400.42,399.05,398.75
2/15/2016,408.91,408.51,NaN,NaN,NaN,404.02,NaN,401.32,NaN,NaN,398.79
3/15/2016,409.03,408.37,NaN,406.5,NaN,404.67,NaN,402.9,NaN,399.1,399.32
4/15/2016,409.55,409.78,NaN,408.56,NaN,407.22,NaN,401.06,NaN,NaN,399.22
5/15/2016,409.24,409.26,NaN,408.14,NaN,407.93,NaN,399.75,NaN,NaN,400.25
6/15/2016,406.6,407.41,NaN,406.59,NaN,406.15,NaN,401.76,400.86,400.52,401
7/15/2016,399.37,396.39,NaN,400.27,NaN,404.49,NaN,401.9,NaN,NaN,401.11
8/15/2016,393.51,392.68,NaN,399.8,NaN,402.1,NaN,402.8,401.53,401.25,401.63
9/15/2016,394.41,398.24,NaN,399.45,NaN,400.28,NaN,402.22,NaN,NaN,401.92
10/15/2016,400.66,404.46,NaN,405.89,NaN,401.58,NaN,402.47,NaN,401.59,402.01
11/15/2016,405.76,406.87,NaN,406.57,NaN,403.31,405.05,402.66,402.08,NaN,401.73
12/15/2016,409.41,410.6,NaN,407.57,NaN,404.42,NaN,402.74,NaN,NaN,401.54
1/15/2017,412.43,413.4,NaN,408.59,NaN,405.85,NaN,404.84,NaN,399.63,NaN
2/15/2017,412.33,414.44,NaN,410.4,NaN,406.59,NaN,403.65,NaN,400.66,401.54
3/15/2017,413.61,414.67,NaN,410.84,NaN,407.12,NaN,403.86,NaN,NaN,401.32
4/15/2017,413.5,413.71,NaN,413.69,NaN,409.5,NaN,402.78,NaN,NaN,401.32
5/15/2017,413.74,413.31,NaN,410.67,NaN,410.06,NaN,404.83,NaN,NaN,401.77
6/15/2017,410.61,411.11,NaN,409.41,NaN,409.25,NaN,NaN,NaN,401.92,402.13
7/15/2017,403.55,400.02,NaN,405.94,NaN,406.87,NaN,404.42,NaN,403.51,402.57
8/15/2017,396.83,394.62,NaN,401.13,NaN,405.1,NaN,403.31,NaN,403.2,403.24
9/15/2017,397.7,397.26,NaN,404.41,NaN,403.12,NaN,404,NaN,NaN,403.62
10/15/2017,402.55,403.43,NaN,404.86,NaN,403.74,NaN,404.46,NaN,NaN,403.7
11/15/2017,407.77,410.27,NaN,407.95,NaN,405.21,NaN,NaN,NaN,402.72,NaN
12/15/2017,410.22,409.94,NaN,407.45,NaN,406.6,NaN,405.69,NaN,NaN,403.84
1/15/2018,413.42,412.44,NaN,410.26,NaN,407.99,NaN,406.49,NaN,NaN,403.95
2/15/2018,413.3,415.94,NaN,411.43,NaN,408.59,NaN,407.26,NaN,NaN,403.89
3/15/2018,413.94,414.09,NaN,412.9,NaN,409.35,NaN,407.64,406.07,402.9,404.16
4/15/2018,415.75,415.84,NaN,413.47,NaN,410.45,NaN,407.16,405.26,403.81,404.35
5/15/2018,415.18,416.07,NaN,413.6,NaN,411.67,NaN,405.93,404.42,404.32,404.53
6/15/2018,413.45,413.96,NaN,410.19,NaN,410.23,NaN,406.42,404.9,404.93,404.96
7/15/2018,406.29,404,NaN,406.55,NaN,408.87,408.28,406.31,NaN,NaN,405.24
8/15/2018,398.57,397.4,NaN,403.74,NaN,407.16,407.79,406.72,405.6,NaN,405.94
9/15/2018,400.14,400.92,NaN,404.58,NaN,405.5,406.89,406.52,NaN,406.02,406.33
10/15/2018,404.11,405.96,NaN,407.53,NaN,406.07,407,406.42,NaN,NaN,406.46
11/15/2018,409.77,416.11,NaN,412.85,NaN,407.89,408.13,406.93,NaN,NaN,406.35
12/15/2018,413.5,NaN,NaN,NaN,NaN,409.26,NaN,407.61,407.97,405.51,406.24
1/15/2019,414.56,417.72,NaN,417.56,NaN,410.91,NaN,409.18,NaN,405.7,406
2/15/2019,415.8,416.54,NaN,413.56,NaN,411.89,NaN,409.07,407.28,404.89,406.29
3/15/2019,417.51,418.13,NaN,416.44,NaN,412.55,411.35,408.69,NaN,405.11,406.02
4/15/2019,418.33,417.6,NaN,415.76,NaN,413.48,412.47,408.76,408,407.19,406.18
5/15/2019,417.46,417.61,NaN,415.03,NaN,414.79,NaN,NaN,407.36,NaN,406.89
6/15/2019,414.26,414.26,NaN,414.41,NaN,414.15,410.5,409.6,407.75,NaN,407.3
7/15/2019,407.78,400.16,NaN,410.64,NaN,411.86,NaN,408.61,408.6,408.64,407.99
8/15/2019,400.78,398.5,NaN,403.8,NaN,409.98,411.94,409.35,NaN,408.36,408.57
9/15/2019,402.19,404.63,NaN,NaN,NaN,408.25,NaN,408.35,NaN,NaN,408.85
10/15/2019,407.44,410.92,NaN,410.42,NaN,408.36,410.4,409.42,409.79,408.54,408.93
11/15/2019,412.64,413.85,NaN,413.79,NaN,410.31,NaN,NaN,NaN,407.56,408.95
12/15/2019,NaN,418.45,NaN,416.23,NaN,411.78,NaN,411.08,409.75,NaN,409.13
1/15/2020,418.28,419.06,NaN,NaN,NaN,413.38,412.65,411.81,NaN,408.34,408.92
2/15/2020,420.5,419.48,NaN,421.94,NaN,413.7,NaN,412,411.8,NaN,NaN
3/15/2020,419.41,420.66,NaN,418.83,NaN,414.36,NaN,411.67,408.94,408.45,NaN
4/15/2020,420.37,421.08,NaN,417.94,NaN,415.98,NaN,412.25,NaN,NaN,NaN
5/15/2020,NaN,420.83,NaN,418.13,NaN,417.03,NaN,410.83,NaN,NaN,NaN
6/15/2020,NaN,416.64,NaN,416.75,NaN,416.6,NaN,NaN,NaN,NaN,NaN
7/15/2020,NaN,NaN,NaN,NaN,NaN,NaN,NaN,NaN,NaN,NaN,NaN
8/15/2020,NaN,NaN,NaN,NaN,NaN,NaN,NaN,NaN,NaN,NaN,NaN
9/15/2020,NaN,NaN,NaN,NaN,NaN,NaN,NaN,NaN,NaN,NaN,NaN
10/15/2020,NaN,NaN,NaN,NaN,NaN,NaN,NaN,NaN,NaN,NaN,NaN
11/15/2020,NaN,NaN,NaN,NaN,NaN,NaN,NaN,NaN,NaN,NaN,NaN
12/15/2020,NaN,NaN,NaN,NaN,NaN,NaN,NaN,NaN,NaN,NaN,NaN
