Date,Mauna Loa,South Pole,Law Dome Ice Core,Siple Ice Core,Taylor Dome Ice Core,Vostok Ice Core,Dome C Ice Core
1,,,276.7,,,,
30,,,277.9,,,,
56,,,277.4,,,,
104,,,277.5,,,,
136,,,278.1,,,,
154,,,278.07,,,,
168,,,280.1,,,,
175,,,277.56,,,,
202,,,280.7,,,,
228,,,281.5,,,,
241,,,280.25,,,,
266,,,278.31,,,,
274,,,280.1,,,,
274,,,280.24,,,,
296,,,280.91,,,,
302,,,279.8,,,,
318,,,281.69,,,,
329,,,278.9,,,,
357,,,277.8,,,,
365,,,277,,,,
384,,,277.25,,,,
406,,,279.13,,,,
428,,,276.9,,,,
437,,,280,,,,
461,,,276.7,,,,
488,,,277.11,,,,
500,,,276.4,,,,
518,,,276.79,,,,
537,,,276,,,,
552,,,276.56,,,,
557,,,278.46,,,,
572,,,277.6,,,,
582,,,276.2,,,,
596,,,276.9,,,,
615,,,277.87,,,,
632,,,278.3,,,,
637,,,279.59,,,,
668,,,279.4,,,,
669,,,278.45,,,,
698,,,279.7,,,,
701,,,277.1,,,,
730,,,278.5,,,,
730,,,279.99,,,,
762,,,279.29,,,,
764,,,278.5,,,,
793,,,279.72,,,,
799,,,278.5,,,,
822,,,278.62,,,,
857,,,279.3,,,,
875,,,279.42,,,,
897,,,278.9,,,,
914,,,280.11,,,,
944,,,279.1,,,,
958,,,277.41,,,,
968,,,278.5,,,,
983,,,278.74,,,,
1005,,,280.5,,,,
1018,,,279.8,,,,
1019,,,280.06,,,,
1025,,,280.8,,,,
1040,,,280.92,,,,
1049,,,280.97,,,,
1058,,,282.8,,,,
1070,,,282.84,,,,
1099,,,283.09,,,,
1105,,,282.8,,,,
1116,,,282.84,,,,
1146,,,284.51,,,,
1160,,,283.9,,,,
1166,,,283.97,,,,
1200,,,284.54,,,,
1207,,,283.6,,,,
1211,,,283.69,,,,
1251,,,282.41,,,,
1258,,,282.1,,,,
1260,,,282.2,,,,
1276,,,281.1,,,,
1278,,,278.43,,,,
1306,,,281.5,,,,
1307,,,281.58,,,,
1330,,,284.07,,,,
1349,,,278.36,,,,
1350,,,280.1,,,,
1390,,,280.69,,,,
1390,,,281.13,,,,
1411,,,279.7,,,,
1411,,,279.6,,,,
1429,,,279.73,,,,
1429,,,279.5,,,,
1431,,,282.5,,,,
1449,,,282.23,,,,
1469,,,280.31,,,,
1502,,,283.12,,,,
1530,,,283.95,,,,
1550,,,283.53,,,,
1560,,,281.83,,,,
1560,,,281.7,,,,
1573,,,282.57,,,,
1588,,,281,,,,
1588,,,281.11,,,,
1591,,,279.36,,,,
1603,,,275.07,,,,
1609,,,271.11,,,,
1610,,,271.8,,,,
1629,,,273.78,,,,
1629,,,274.5,,,,
1640,,,276.69,,,,
1640,,,276.6,,,,
1649,,,278.02,,,,
1682,,,276.66,,,,
1690,,,276.32,,,,
1690,,,276.3,,,,
1694,,,277.36,,,,
1723,,,278.27,,,,
1723,,,276.9,,,,
1723,,,277.01,,,,
1734,,,278.31,,,,
1734,,,278.2,,,,
1741,,,276.81,,,,
1743,,,276.7,,,,
1744,,,,276.8,,,
1745,,,,279,,,
1749,,,277.6,,,,
1752,,,276.46,,,,
1752,,,276.4,,,,
1752,,,278,,,,
1763,,,277.16,,,,
1763,,,276.3,,,,
1764,,,276.4,,,,
1764,,,,276.7,,,
1765,,,,279,,,
1773,,,277.86,,,,
1774,,,277.8,,,,
1779,,,280.24,,,,
1780,,,273.07,,,,
1781,,,276.8,,,,
1791,,,,279.7,,,
1794,,,281.5,,,,
1794,,,281.62,,,,
1796,,,282.3,,,,
1796,,,280.4,,,,
1799,,,281.23,,,,
1799,,,284.37,,,,
1800,,,281.1,,,,
1806.5,,,,280,,,
1814,,,284.43,,,,
1814,,,284.3,,,,
1816,,,,283.8,,,
1825,,,281.36,,,,
1825,,,,284,,,
1826,,,281.3,,,,
1827,,,285.91,,,,
1833,,,285.09,,,,
1833,,,283.82,,,,
1835,,,283.7,,,,
1837,,,284.15,,,,
1838,,,284.1,,,,
1839,,,,283.1,,,
1841,,,283.65,,,,
1843,,,,287.4,,,
1843,,,282.18,,,,
1843,,,280.98,,,,
1844,,,286.5,,,,
1844,,,283.53,,,,
1845,,,283.18,,,,
1846,,,282.79,,,,
1846,,,284.45,,,,
1846,,,283.3,,,,
1846,,,285,,,,
1847,,,,286.8,,,
1847,,,286.84,,,,
1849,,,287.7,,,,
1850,,,284,,,,
1851,,,288.79,,,,
1851,,,285.47,,,,
1852,,,288.6,,,,
1853,,,,288,,,
1854,,,288.05,,,,
1854,,,287,,,,
1854,,,,288.2,,,
1855,,,285.57,,,,
1857,,,283.16,,,,
1859,,,286.63,,,,
1859,,,286.5,,,,
1862,,,287.17,,,,
1863,,,285.35,,,,
1864,,,285.4,,,,
1864,,,286.65,,,,
1867,,,284.71,,,,
1867,,,285.4,,,,
1867,,,285.2,,,,
1868,,,287.99,,,,
1868,,,289.83,,,,
1868,,,289.24,,,,
1869,,,287.7,,,,
1869,,,,289.3,,,
1870,,,287.99,,,,
1870,,,286.33,,,,
1873,,,286.66,,,,
1873,,,287.2,,,,
1874,,,291.56,,,,
1874,,,290.5,,,,
1874,,,,289.5,,,
1877,,,289.33,,,,
1878,,,,290.3,,,
1880,,,287.77,,,,
1883,,,292.46,,,,
1884,,,289.76,,,,
1884,,,289.8,,,,
1884,,,289,,,,
1884,,,289.23,,,,
1886,,,288.12,,,,
1886,,,290.6,,,,
1887,,,,292.3,,,
1887,,,294.34,,,,
1889,,,291.5,,,,
1889,,,292.2,,,,
1889,,,292.38,,,,
1889,,,292.3,,,,
1890,,,290.92,,,,
1892,,,295.17,,,,
1893,,,294.86,,,,
1893,,,295.32,,,,
1894,,,293.17,,,,
1894,,,293.81,,,,
1894,,,293.8,,,,
1894,,,,297,,,
1896,,,298.2,,,,
1899,,,295.28,,,,
1899,,,297.05,,,,
1899,,,296,,,,
1899,,,296.2,,,,
1899,,,,295.8,,,
1900,,,294.22,,,,
1902,,,297.14,,,,
1902,,,295.26,,,,
1902,,,294.44,,,,
1902,,,295.7,,,,
1902,,,295,,,,
1903,,,,294.8,,,
1904,,,295.99,,,,
1904,,,295.1,,,,
1905,,,,296.9,,,
1905,,,299.02,,,,
1906,,,297.33,,,,
1906,,,299.63,,,,
1909,,,301.5,,,,
1909,,,300.4,,,,
1909,,,,299.2,,,
1910,,,297.87,,,,
1911,,,298.11,,,,
1911,,,297.73,,,,
1911,,,299.26,,,,
1912,,,298.4,,,,
1913,,,301.3,,,,
1914,,,300,,,,
1914,,,300.7,,,,
1914,,,,300,,,
1914,,,301.07,,,,
1914,,,300.33,,,,
1915,,,,300.5,,,
1916,,,301.92,,,,
1918,,,303.44,,,,
1918,,,303.67,,,,
1918,,,304.06,,,,
1918,,,304.24,,,,
1919,,,304.61,,,,
1919,,,303.3,,,,
1919,,,303.6,,,,
1920,,,301.88,,,,
1921,,,,301.6,,,
1923,,,303.18,,,,
1923,,,306.13,,,,
1923,,,307.7,,,,
1923,,,303.14,,,,
1923,,,307.82,,,,
1923,,,303.2,,,,
1924,,,305.2,,,,
1925,,,304.72,,,,
1925,,,305.32,,,,
1925,,,304.62,,,,
1927,,,,305.5,,,
1928,,,307.62,,,,
1928,,,308.42,,,,
1928,,,305.67,,,,
1929,,,305.71,,,,
1929,,,305.78,,,,
1929,,,307.8,,,,
1929,,,305.7,,,,
1931,,,305.72,,,,
1931,,,305.76,,,,
1932,,,,306,,,
1932,,,308.26,,,,
1933,,,308.28,,,,
1933,,,305.94,,,,
1933,,,307.2,,,,
1934,,,306.76,,,,
1934,,,306.63,,,,
1934,,,307.84,,,,
1934,,,309.63,,,,
1935,,,307.8,,,,
1935,,,,306.6,,,
1935,,,306.32,,,,
1936,,,307.26,,,,
1936,,,309.52,,,,
1936,,,309.17,,,,
1937,,,307.06,,,,
1937,,,307.76,,,,
1937,,,309,,,,
1938,,,312.5,,,,
1938,,,312.58,,,,
1938,,,312.23,,,,
1938,,,312.31,,,,
1938,,,312.07,,,,
1938,,,312.28,,,,
1938,,,310.66,,,,
1938,,,312.38,,,,
1938,,,309.6,,,,
1938,,,311.94,,,,
1938,,,308.48,,,,
1939,,,312.36,,,,
1939,,,308.55,,,,
1939,,,310.9,,,,
1939,,,311.04,,,,
1939,,,311.39,,,,
1940,,,310.95,,,,
1940,,,309.8,,,,
1940,,,311.9,,,,
1941,,,307.74,,,,
1941,,,311.8,,,,
1941,,,310.7,,,,
1942,,,312.74,,,,
1942,,,312.05,,,,
1942,,,310.3,,,,
1942,,,310.9,,,,
1942,,,311.6,,,,
1942,,,311.9,,,,
1942,,,313.78,,,,
1942,,,311.62,,,,
1942,,,312.14,,,,
1942.1,,,312.3,,,,
1943,,,310.5,,,,
1943,,,311,,,,
1943,,,,307.9,,,
1944,,,312.36,,,,
1944,,,311.4,,,,
1944,,,312.1,,,,
1944,,,311.3,,,,
1945,,,310.22,,,,
1945,,,311.28,,,,
1945,,,310.44,,,,
1945,,,309.7,,,,
1945,,,311.81,,,,
1946,,,311.97,,,,
1946,,,312.56,,,,
1946,,,311.5,,,,
1947,,,313.21,,,,
1947,,,312.52,,,,
1947,,,310.36,,,,
1947,,,310.8,,,,
1947,,,310,,,,
1947,,,311.5,,,,
1948,,,311.57,,,,
1948,,,310.5,,,,
1949,,,309.69,,,,
1949,,,311.2,,,,
1949,,,,311,,,
1950,,,313.66,,,,
1950,,,312.6,,,,
1950,,,312,,,,
1952,,,312.18,,,,
1953,,,312.1,,,,
1953,,,,312.7,,,
1954,,,312.75,,,,
1954,,,311.69,,,,
1954,,,312.8,,,,
1954,,,313.17,,,,
1954,,,311.7,,,,
1955,,,314.83,,,,
1955,,,314.6,,,,
1955,,,313.5,,,,
1955,,,313.8,,,,
1956,,,314.46,,,,
1956,,,315.54,,,,
1956,,,316.04,,,,
1956.1,,,316.3,,,,
1957,,,314,,,,
1957,,,314.24,,,,
1957,,,314.64,,,,
1957,,,316.44,,,,
1957,,,316.29,,,,
1957,,,316.33,,,,
1957,,,316.24,,,,
1957,,,315.27,,,,
1957.4548,,312.78,,,,,
1957.9562,,314.48,,,,,
1958,,,314.57,,,,
1958,,,314.4,,,,
1958,,,,312,,,
1958,,,316.1,,,,
1958.2027,315.7,,,,,,
1958.2027,,314.28,,,,,
1958.2877,317.45,,,,,,
1958.3699,317.51,,,,,,
1958.4548,317.24,,,,,,
1958.4548,,314.51,,,,,
1958.537,315.86,,,,,,
1958.6219,314.93,,,,,,
1958.7068,313.2,,,,,,
1958.7068,,315.33,,,,,
1958.789,312.43,,,,,,
1958.874,313.33,,,,,,
1958.9562,314.67,,,,,,
1959,,,316.33,,,,
1959,,,316.3,,,,
1959,,,311.98,,,,
1959.0411,315.58,,,,,,
1959.0411,,315.09,,,,,
1959.126,316.48,,,,,,
1959.126,,315.13,,,,,
1959.2027,316.65,,,,,,
1959.2027,,315.08,,,,,
1959.2877,317.72,,,,,,
1959.3699,318.29,,,,,,
1959.4548,318.15,,,,,,
1959.537,316.54,,,,,,
1959.6219,314.8,,,,,,
1959.6219,,315.96,,,,,
1959.7068,313.84,,,,,,
1959.7068,,316.23,,,,,
1959.789,313.33,,,,,,
1959.874,314.81,,,,,,
1959.874,,316.32,,,,,
1959.9562,315.58,,,,,,
1960,,,313.09,,,,
1960.041,316.43,,,,,,
1960.1257,316.98,,,,,,
1960.2049,317.58,,,,,,
1960.2896,319.03,,,,,,
1960.3716,320.04,,,,,,
1960.4563,319.59,,,,,,
1960.4563,,316.39,,,,,
1960.5383,318.18,,,,,,
1960.5383,,316.71,,,,,
1960.623,315.9,,,,,,
1960.623,,316.75,,,,,
1960.7077,314.17,,,,,,
1960.7896,313.83,,,,,,
1960.8743,315,,,,,,
1960.9563,316.19,,,,,,
1961,,,318.21,,,,
1961.0411,316.89,,,,,,
1961.126,317.7,,,,,,
1961.2027,318.54,,,,,,
1961.2877,319.48,,,,,,
1961.3699,320.58,,,,,,
1961.3699,,316.79,,,,,
1961.4548,319.77,,,,,,
1961.4548,,316.86,,,,,
1961.537,318.57,,,,,,
1961.537,,316.94,,,,,
1961.6219,316.79,,,,,,
1961.6219,,317.35,,,,,
1961.7068,314.99,,,,,,
1961.7068,,317.87,,,,,
1961.789,315.31,,,,,,
1961.789,,317.75,,,,,
1961.874,316.1,,,,,,
1961.874,,317.87,,,,,
1961.9562,317.01,,,,,,
1961.9562,,317.67,,,,,
1962,,,316.59,,,,
1962,,,317.52,,,,
1962,,,319.14,,,,
1962.0411,317.94,,,,,,
1962.0411,,317.45,,,,,
1962.126,318.55,,,,,,
1962.126,,317.26,,,,,
1962.2027,319.68,,,,,,
1962.2027,,317.06,,,,,
1962.2877,320.57,,,,,,
1962.2877,,317.11,,,,,
1962.3699,321.02,,,,,,
1962.3699,,317.18,,,,,
1962.4548,320.62,,,,,,
1962.4548,,317.24,,,,,
1962.537,319.61,,,,,,
1962.537,,317.27,,,,,
1962.6219,317.4,,,,,,
1962.6219,,317.64,,,,,
1962.7068,316.25,,,,,,
1962.7068,,318.07,,,,,
1962.789,315.42,,,,,,
1962.874,316.69,,,,,,
1962.9562,317.7,,,,,,
1963,,,317.45,,,,
1963,,,319.78,,,,
1963,,,317.45,,,,
1963,,,319.07,,,,
1963.0411,318.74,,,,,,
1963.0411,,318.13,,,,,
1963.126,319.07,,,,,,
1963.126,,317.87,,,,,
1963.2027,319.86,,,,,,
1963.2027,,317.47,,,,,
1963.2877,321.38,,,,,,
1963.2877,,317.89,,,,,
1963.3699,322.25,,,,,,
1963.3699,,318.13,,,,,
1963.4548,321.48,,,,,,
1963.4548,,318.22,,,,,
1963.537,319.74,,,,,,
1963.537,,318.26,,,,,
1963.6219,317.77,,,,,,
1963.6219,,318.64,,,,,
1963.7068,316.21,,,,,,
1963.7068,,318.56,,,,,
1963.789,315.99,,,,,,
1963.789,,319.03,,,,,
1963.874,317.07,,,,,,
1963.9562,318.35,,,,,,
1964,,,319.12,,,,
1964,,,319,,,,
1964.041,319.57,,,,,,
1964.1257,320.01,,,,,,
1964.2049,320.74,,,,,,
1964.2896,321.84,,,,,,
1964.3716,322.26,,,,,,
1964.4563,321.89,,,,,,
1964.5383,320.44,,,,,,
1964.623,318.69,,,,,,
1964.7077,316.7,,,,,,
1964.7896,316.87,,,,,,
1964.8743,317.68,,,,,,
1964.9563,318.71,,,,,,
1965,,,,318,,,
1965,,,319.89,,,,
1965,,,319.2,,,,
1965.0411,319.44,,,,,,
1965.126,320.44,,,,,,
1965.126,,318.68,,,,,
1965.2027,320.89,,,,,,
1965.2027,,318.56,,,,,
1965.2877,322.14,,,,,,
1965.2877,,318.67,,,,,
1965.3699,322.17,,,,,,
1965.3699,,318.88,,,,,
1965.4548,321.87,,,,,,
1965.537,321.21,,,,,,
1965.537,,319.38,,,,,
1965.6219,318.87,,,,,,
1965.6219,,319.68,,,,,
1965.7068,317.81,,,,,,
1965.789,317.3,,,,,,
1965.874,318.87,,,,,,
1965.874,,320.17,,,,,
1965.9562,319.42,,,,,,
1965.9562,,320.26,,,,,
1966,,,320.98,,,,
1966.0411,320.62,,,,,,
1966.0411,,320.34,,,,,
1966.126,321.6,,,,,,
1966.126,,319.99,,,,,
1966.2027,322.39,,,,,,
1966.2027,,320.06,,,,,
1966.2877,323.7,,,,,,
1966.2877,,320.31,,,,,
1966.3699,324.08,,,,,,
1966.3699,,320.44,,,,,
1966.4548,323.75,,,,,,
1966.4548,,320.46,,,,,
1966.537,322.38,,,,,,
1966.6219,320.36,,,,,,
1966.6219,,321.08,,,,,
1966.7068,318.64,,,,,,
1966.7068,,321.35,,,,,
1966.789,318.1,,,,,,
1966.789,,321.45,,,,,
1966.874,319.78,,,,,,
1966.874,,321.56,,,,,
1966.9562,321.03,,,,,,
1966.9562,,321.07,,,,,
1967,,,322.17,,,,
1967,,,320.49,,,,
1967,,,322.9,,,,
1967.0411,322.33,,,,,,
1967.126,322.5,,,,,,
1967.126,,321,,,,,
1967.2027,323.04,,,,,,
1967.2877,324.42,,,,,,
1967.2877,,320.86,,,,,
1967.3699,325,,,,,,
1967.3699,,321,,,,,
1967.4548,324.09,,,,,,
1967.4548,,320.96,,,,,
1967.537,322.54,,,,,,
1967.537,,321.06,,,,,
1967.6219,320.92,,,,,,
1967.6219,,321.83,,,,,
1967.7068,319.25,,,,,,
1967.7068,,322.07,,,,,
1967.789,319.39,,,,,,
1967.789,,321.79,,,,,
1967.874,320.73,,,,,,
1967.874,,321.81,,,,,
1967.9562,321.96,,,,,,
1967.9562,,321.78,,,,,
1968.041,322.57,,,,,,
1968.041,,321.53,,,,,
1968.1257,323.15,,,,,,
1968.2049,323.89,,,,,,
1968.2896,325.02,,,,,,
1968.2896,,321.61,,,,,
1968.3716,325.57,,,,,,
1968.3716,,321.46,,,,,
1968.4563,325.36,,,,,,
1968.4563,,321.44,,,,,
1968.5383,324.14,,,,,,
1968.623,322.11,,,,,,
1968.7077,320.33,,,,,,
1968.7896,320.25,,,,,,
1968.8743,321.32,,,,,,
1968.9563,322.89,,,,,,
1968.9563,,322.65,,,,,
1969,,,320.38,,,,
1969,,,324.09,,,,
1969,,,325.08,,,,
1969,,,325.54,,,,
1969,,,323.87,,,,
1969.0411,324,,,,,,
1969.0411,,322.36,,,,,
1969.126,324.42,,,,,,
1969.2027,325.63,,,,,,
1969.2027,,322.26,,,,,
1969.2877,326.66,,,,,,
1969.2877,,322.29,,,,,
1969.3699,327.38,,,,,,
1969.3699,,322.58,,,,,
1969.4548,326.71,,,,,,
1969.4548,,322.78,,,,,
1969.537,325.88,,,,,,
1969.537,,323.23,,,,,
1969.6219,323.66,,,,,,
1969.6219,,323.6,,,,,
1969.7068,322.38,,,,,,
1969.7068,,324.13,,,,,
1969.789,321.78,,,,,,
1969.789,,323.93,,,,,
1969.874,322.86,,,,,,
1969.874,,323.96,,,,,
1969.9562,324.12,,,,,,
1970,,,324.8,,,,
1970,,,324.56,,,,
1970.0411,325.06,,,,,,
1970.0411,,323.69,,,,,
1970.126,325.98,,,,,,
1970.126,,323.53,,,,,
1970.2027,326.93,,,,,,
1970.2027,,323.43,,,,,
1970.2877,328.13,,,,,,
1970.2877,,323.68,,,,,
1970.3699,328.08,,,,,,
1970.3699,,323.78,,,,,
1970.4548,327.67,,,,,,
1970.4548,,324.19,,,,,
1970.537,326.34,,,,,,
1970.537,,324.47,,,,,
1970.6219,324.69,,,,,,
1970.6219,,324.72,,,,,
1970.7068,323.1,,,,,,
1970.7068,,325.18,,,,,
1970.789,323.06,,,,,,
1970.789,,325.19,,,,,
1970.874,324.01,,,,,,
1970.874,,325.24,,,,,
1970.9562,325.13,,,,,,
1971,,,324.9,,,,
1971,,,324.88,,,,
1971,,,325.04,,,,
1971,,,324.8,,,,
1971,,,326.65,,,,
1971,,,326.31,,,,
1971.0411,326.17,,,,,,
1971.0411,,324.8,,,,,
1971.126,326.68,,,,,,
1971.126,,324.61,,,,,
1971.2027,327.17,,,,,,
1971.2027,,324.32,,,,,
1971.2877,327.79,,,,,,
1971.2877,,324.47,,,,,
1971.3699,328.93,,,,,,
1971.3699,,324.67,,,,,
1971.4548,328.57,,,,,,
1971.4548,,324.92,,,,,
1971.537,327.36,,,,,,
1971.537,,325.16,,,,,
1971.6219,325.43,,,,,,
1971.7068,323.36,,,,,,
1971.7068,,325.76,,,,,
1971.789,323.56,,,,,,
1971.874,324.8,,,,,,
1971.874,,325.72,,,,,
1971.9562,326.01,,,,,,
1972,,,330.35,,,,
1972,,,328.42,,,,
1972.041,326.77,,,,,,
1972.1257,327.63,,,,,,
1972.2049,327.75,,,,,,
1972.2049,,325.05,,,,,
1972.2896,329.72,,,,,,
1972.2896,,325.17,,,,,
1972.3716,330.07,,,,,,
1972.3716,,325.31,,,,,
1972.4563,329.09,,,,,,
1972.4563,,325.83,,,,,
1972.5,,,,328,,,
1972.5383,328.04,,,,,,
1972.5383,,326.14,,,,,
1972.623,326.32,,,,,,
1972.623,,326.86,,,,,
1972.7077,324.84,,,,,,
1972.7077,,326.53,,,,,
1972.7896,325.2,,,,,,
1972.7896,,326.77,,,,,
1972.8743,326.5,,,,,,
1972.8743,,326.95,,,,,
1972.9563,327.55,,,,,,
1972.9563,,326.82,,,,,
1973,,,326.4,,,,
1973,,,329.2,,,,
1973.0411,328.55,,,,,,
1973.0411,,326.75,,,,,
1973.126,329.56,,,,,,
1973.126,,326.34,,,,,
1973.2027,330.3,,,,,,
1973.2027,,326.36,,,,,
1973.2877,331.5,,,,,,
1973.2877,,326.82,,,,,
1973.3699,332.48,,,,,,
1973.3699,,327.11,,,,,
1973.4548,332.07,,,,,,
1973.4548,,327.43,,,,,
1973.537,330.87,,,,,,
1973.537,,327.74,,,,,
1973.6219,329.31,,,,,,
1973.6219,,328.41,,,,,
1973.7068,327.51,,,,,,
1973.7068,,328.69,,,,,
1973.789,327.18,,,,,,
1973.789,,328.62,,,,,
1973.874,328.16,,,,,,
1973.874,,328.59,,,,,
1973.9562,328.64,,,,,,
1973.9562,,328.6,,,,,
1974,,,331.55,,,,
1974.0411,329.35,,,,,,
1974.0411,,328.31,,,,,
1974.126,330.71,,,,,,
1974.126,,328.09,,,,,
1974.2027,331.48,,,,,,
1974.2027,,328.09,,,,,
1974.2877,332.65,,,,,,
1974.2877,,327.97,,,,,
1974.3699,,328.01,,,,,
1974.375,333.19,,,,,,
1974.4548,,327.88,,,,,
1974.4583,332.2,,,,,,
1974.537,,328.47,,,,,
1974.5417,331.07,,,,,,
1974.6219,,328.7,,,,,
1974.625,329.15,,,,,,
1974.7068,,328.95,,,,,
1974.7083,327.33,,,,,,
1974.789,,329.04,,,,,
1974.7917,327.28,,,,,,
1974.874,,329.12,,,,,
1974.875,328.31,,,,,,
1974.9562,,329,,,,,
1974.9583,329.58,,,,,,
1975.0411,,328.9,,,,,
1975.0417,330.73,,,,,,
1975.125,331.46,,,,,,
1975.126,,328.91,,,,,
1975.2027,,328.86,,,,,
1975.2083,331.94,,,,,,
1975.2877,,328.94,,,,,
1975.2917,333.11,,,,,,
1975.3699,,328.94,,,,,
1975.375,333.95,,,,,,
1975.4548,,329.07,,,,,
1975.4583,333.42,,,,,,
1975.537,,329.36,,,,,
1975.5417,331.97,,,,,,
1975.6219,,329.83,,,,,
1975.625,329.95,,,,,,
1975.7068,,330.22,,,,,
1975.7083,328.5,,,,,,
1975.789,,330.55,,,,,
1975.7917,328.36,,,,,,
1975.874,,330.46,,,,,
1975.875,329.38,,,,,,
1975.9562,,330.29,,,,,
1975.9583,330.62,,,,,,
1976,,,332.37,,,,
1976.041,,330.32,,,,,
1976.0417,331.56,,,,,,
1976.125,332.74,,,,,,
1976.1257,,330.02,,,,,
1976.2049,,329.92,,,,,
1976.2083,333.36,,,,,,
1976.2896,,329.64,,,,,
1976.2917,334.74,,,,,,
1976.3716,,329.94,,,,,
1976.375,334.72,,,,,,
1976.4563,,329.99,,,,,
1976.4583,333.98,,,,,,
1976.5383,,330.47,,,,,
1976.5417,333.08,,,,,,
1976.623,,331.01,,,,,
1976.625,330.68,,,,,,
1976.7077,,331.39,,,,,
1976.7083,328.96,,,,,,
1976.7896,,331.71,,,,,
1976.7917,328.72,,,,,,
1976.8743,,331.64,,,,,
1976.875,330.16,,,,,,
1976.9563,,331.44,,,,,
1976.9583,331.62,,,,,,
1977,,,332.37,,,,
1977,,,335.55,,,,
1977.0411,,331.27,,,,,
1977.0417,332.68,,,,,,
1977.125,333.17,,,,,,
1977.126,,331.01,,,,,
1977.2027,,330.86,,,,,
1977.2083,334.96,,,,,,
1977.2877,,331.33,,,,,
1977.2917,336.14,,,,,,
1977.3699,,331.41,,,,,
1977.375,336.93,,,,,,
1977.4548,,331.63,,,,,
1977.4583,336.17,,,,,,
1977.537,,332.06,,,,,
1977.5417,334.88,,,,,,
1977.6219,,332.46,,,,,
1977.625,332.56,,,,,,
1977.7068,,332.87,,,,,
1977.7083,331.29,,,,,,
1977.789,,333.1,,,,,
1977.7917,331.28,,,,,,
1977.874,,333.32,,,,,
1977.875,332.46,,,,,,
1977.9562,,333.19,,,,,
1977.9583,333.6,,,,,,
1978.0411,,332.85,,,,,
1978.0417,334.94,,,,,,
1978.125,335.26,,,,,,
1978.126,,332.72,,,,,
1978.2027,,332.84,,,,,
1978.2083,336.66,,,,,,
1978.2877,,332.99,,,,,
1978.2917,337.69,,,,,,
1978.375,338.02,,,,,,
1978.4548,,333.38,,,,,
1978.4583,338.01,,,,,,
1978.537,,333.83,,,,,
1978.5417,336.5,,,,,,
1978.6219,,334.29,,,,,
1978.625,334.42,,,,,,
1978.7068,,334.74,,,,,
1978.7083,332.36,,,,,,
1978.789,,334.83,,,,,
1978.7917,332.45,,,,,,
1978.874,,334.6,,,,,
1978.875,333.76,,,,,,
1978.9562,,334.32,,,,,
1978.9583,334.91,,,,,,
1979,,,335.23,,,,
1979,,,334.47,,,,
1979.0411,,334.03,,,,,
1979.0417,336.14,,,,,,
1979.125,336.69,,,,,,
1979.126,,334.05,,,,,
1979.2027,,333.83,,,,,
1979.2083,338.27,,,,,,
1979.2877,,334.19,,,,,
1979.2917,338.82,,,,,,
1979.3699,,334.36,,,,,
1979.375,339.24,,,,,,
1979.4548,,334.56,,,,,
1979.4583,339.26,,,,,,
1979.537,,335.16,,,,,
1979.5417,337.54,,,,,,
1979.6219,,335.72,,,,,
1979.625,335.72,,,,,,
1979.7068,,335.88,,,,,
1979.7083,333.98,,,,,,
1979.789,,336.01,,,,,
1979.7917,334.24,,,,,,
1979.874,,336.38,,,,,
1979.875,335.32,,,,,,
1979.9562,,336.06,,,,,
1979.9583,336.81,,,,,,
1980.041,,336.08,,,,,
1980.0417,337.9,,,,,,
1980.125,338.34,,,,,,
1980.1257,,335.77,,,,,
1980.2083,340.07,,,,,,
1980.2896,,336.12,,,,,
1980.2917,340.93,,,,,,
1980.3716,,336.23,,,,,
1980.375,341.45,,,,,,
1980.4563,,336.92,,,,,
1980.4583,341.36,,,,,,
1980.5383,,337.46,,,,,
1980.5417,339.45,,,,,,
1980.623,,337.55,,,,,
1980.625,337.67,,,,,,
1980.7077,,337.88,,,,,
1980.7083,336.25,,,,,,
1980.7896,,337.91,,,,,
1980.7917,336.14,,,,,,
1980.8743,,337.98,,,,,
1980.875,337.3,,,,,,
1980.9563,,338.06,,,,,
1980.9583,338.29,,,,,,
1981.0411,,337.78,,,,,
1981.0417,339.29,,,,,,
1981.125,340.55,,,,,,
1981.126,,337.5,,,,,
1981.2027,,337.44,,,,,
1981.2083,341.63,,,,,,
1981.2877,,337.54,,,,,
1981.2917,342.6,,,,,,
1981.3699,,337.69,,,,,
1981.375,343.04,,,,,,
1981.4548,,338.18,,,,,
1981.4583,342.54,,,,,,
1981.537,,338.44,,,,,
1981.5417,340.82,,,,,,
1981.6219,,338.78,,,,,
1981.625,338.48,,,,,,
1981.7068,,338.82,,,,,
1981.7083,336.95,,,,,,
1981.789,,339.15,,,,,
1981.7917,337.05,,,,,,
1981.874,,338.87,,,,,
1981.875,338.58,,,,,,
1981.9562,,338.92,,,,,
1981.9583,339.91,,,,,,
1982.0417,340.93,,,,,,
1982.125,341.76,,,,,,
1982.126,,338.66,,,,,
1982.2027,,338.39,,,,,
1982.2083,342.78,,,,,,
1982.2877,,338.71,,,,,
1982.2917,343.96,,,,,,
1982.3699,,339,,,,,
1982.375,344.77,,,,,,
1982.4548,,339.2,,,,,
1982.4583,343.88,,,,,,
1982.537,,339.36,,,,,
1982.5417,342.42,,,,,,
1982.6219,,340.13,,,,,
1982.625,340.24,,,,,,
1982.7068,,340.32,,,,,
1982.7083,338.38,,,,,,
1982.789,,340.35,,,,,
1982.7917,338.41,,,,,,
1982.874,,340.05,,,,,
1982.875,339.44,,,,,,
1982.9562,,339.98,,,,,
1982.9583,340.78,,,,,,
1983,,,339.52,,,,
1983,,,339.41,,,,
1983,,,341.58,,,,
1983,,,341.16,,,,
1983,,,341.42,,,,
1983,,,341.15,,,,
1983.0411,,339.88,,,,,
1983.0417,341.57,,,,,,
1983.125,342.78,,,,,,
1983.126,,339.83,,,,,
1983.2027,,339.82,,,,,
1983.2083,343.37,,,,,,
1983.2877,,340.29,,,,,
1983.2917,345.4,,,,,,
1983.3699,,340.6,,,,,
1983.375,346.14,,,,,,
1983.4548,,340.98,,,,,
1983.4583,345.76,,,,,,
1983.537,,341.39,,,,,
1983.5417,344.32,,,,,,
1983.6219,,341.86,,,,,
1983.625,342.51,,,,,,
1983.7,,,341.2,,,,
1983.7068,,342.3,,,,,
1983.7083,340.46,,,,,,
1983.789,,342.25,,,,,
1983.7917,340.53,,,,,,
1983.874,,342.51,,,,,
1983.875,341.79,,,,,,
1983.9562,,342.32,,,,,
1983.9583,343.2,,,,,,
1984.041,,342.01,,,,,
1984.0417,344.21,,,,,,
1984.125,344.92,,,,,,
1984.2049,,341.62,,,,,
1984.2083,345.68,,,,,,
1984.2896,,341.74,,,,,
1984.2917,347.14,,,,,,
1984.3716,,341.76,,,,,
1984.375,347.77,,,,,,
1984.4563,,341.92,,,,,
1984.4583,347.16,,,,,,
1984.5383,,342.69,,,,,
1984.5417,345.79,,,,,,
1984.623,,343.09,,,,,
1984.625,343.74,,,,,,
1984.7077,,343.35,,,,,
1984.7083,341.59,,,,,,
1984.7896,,343.36,,,,,
1984.7917,341.86,,,,,,
1984.8743,,343.19,,,,,
1984.875,343.31,,,,,,
1984.9563,,343.03,,,,,
1984.9583,345,,,,,,
1985,,,342.53,,,,
1985,,,341.57,,,,
1985.0411,,342.88,,,,,
1985.0417,345.48,,,,,,
1985.125,346.41,,,,,,
1985.126,,342.69,,,,,
1985.2027,,342.57,,,,,
1985.2083,347.91,,,,,,
1985.2877,,342.61,,,,,
1985.2917,348.66,,,,,,
1985.3699,,342.96,,,,,
1985.375,349.28,,,,,,
1985.4548,,343.3,,,,,
1985.4583,348.65,,,,,,
1985.537,,343.78,,,,,
1985.5417,346.9,,,,,,
1985.6219,,344.36,,,,,
1985.625,345.26,,,,,,
1985.7068,,344.7,,,,,
1985.7083,343.47,,,,,,
1985.789,,344.78,,,,,
1985.7917,343.35,,,,,,
1985.874,,344.63,,,,,
1985.875,344.73,,,,,,
1985.9562,,344.49,,,,,
1985.9583,346.12,,,,,,
1986,,,343.64,,,,
1986,,,342.88,,,,
1986,,,342.8,,,,
1986,,,344.28,,,,
1986,,,343.66,,,,
1986.0411,,344.47,,,,,
1986.0417,346.78,,,,,,
1986.125,347.48,,,,,,
1986.126,,344.42,,,,,
1986.2027,,344.36,,,,,
1986.2083,348.25,,,,,,
1986.2877,,344.47,,,,,
1986.2917,349.86,,,,,,
1986.3699,,344.54,,,,,
1986.375,350.52,,,,,,
1986.4548,,344.87,,,,,
1986.4583,349.98,,,,,,
1986.537,,345.4,,,,,
1986.5417,348.25,,,,,,
1986.6219,,345.78,,,,,
1986.625,346.17,,,,,,
1986.7068,,346.03,,,,,
1986.7083,345.48,,,,,,
1986.789,,346,,,,,
1986.7917,344.82,,,,,,
1986.874,,346.01,,,,,
1986.875,346.22,,,,,,
1986.9562,,345.9,,,,,
1986.9583,347.48,,,,,,
1987,,,345.14,,,,
1987,,,344.97,,,,
1987,,,344.51,,,,
1987,,,344.25,,,,
1987,,,345.44,,,,
1987.0411,,345.74,,,,,
1987.0417,348.73,,,,,,
1987.125,348.92,,,,,,
1987.126,,345.65,,,,,
1987.2027,,345.6,,,,,
1987.2083,349.81,,,,,,
1987.2877,,345.97,,,,,
1987.2917,351.4,,,,,,
1987.3699,,346.06,,,,,
1987.375,352.15,,,,,,
1987.4548,,346.47,,,,,
1987.4583,351.58,,,,,,
1987.537,,347.06,,,,,
1987.5417,350.21,,,,,,
1987.6219,,347.48,,,,,
1987.625,348.2,,,,,,
1987.7068,,347.93,,,,,
1987.7083,346.66,,,,,,
1987.789,,347.95,,,,,
1987.7917,346.72,,,,,,
1987.874,,348.05,,,,,
1987.875,348.08,,,,,,
1987.9562,,348.19,,,,,
1987.9583,349.28,,,,,,
1988,,,347.6,,,,
1988.041,,348.15,,,,,
1988.0417,350.51,,,,,,
1988.125,351.7,,,,,,
1988.1257,,347.94,,,,,
1988.2049,,347.78,,,,,
1988.2083,352.5,,,,,,
1988.2896,,348.11,,,,,
1988.2917,353.67,,,,,,
1988.3716,,348.24,,,,,
1988.375,354.35,,,,,,
1988.4563,,348.5,,,,,
1988.4583,353.88,,,,,,
1988.5383,,348.98,,,,,
1988.5417,352.8,,,,,,
1988.623,,349.5,,,,,
1988.625,350.49,,,,,,
1988.7077,,349.65,,,,,
1988.7083,348.97,,,,,,
1988.7896,,349.8,,,,,
1988.7917,349.37,,,,,,
1988.8743,,349.77,,,,,
1988.875,350.42,,,,,,
1988.9563,,349.75,,,,,
1988.9583,351.62,,,,,,
1989,,,349.53,,,,
1989,,,349.02,,,,
1989,,,350.05,,,,
1989,,,349.8,,,,
1989,,,349.78,,,,
1989,,,349.58,,,,
1989.0411,,349.74,,,,,
1989.0417,353.07,,,,,,
1989.125,353.43,,,,,,
1989.126,,349.68,,,,,
1989.2027,,349.58,,,,,
1989.2083,354.08,,,,,,
1989.2877,,349.66,,,,,
1989.2917,355.72,,,,,,
1989.3699,,349.86,,,,,
1989.375,355.95,,,,,,
1989.4548,,350.11,,,,,
1989.4583,355.44,,,,,,
1989.537,,350.53,,,,,
1989.5417,354.05,,,,,,
1989.6219,,351.05,,,,,
1989.625,351.84,,,,,,
1989.7068,,351.29,,,,,
1989.7083,350.09,,,,,,
1989.789,,351.23,,,,,
1989.7917,350.33,,,,,,
1989.8,,,349.7,,,,
1989.874,,351.26,,,,,
1989.875,351.55,,,,,,
1989.9562,,350.92,,,,,
1989.9583,352.91,,,,,,
1990,,,351.14,,,,
1990,,,350.72,,,,
1990,,,350.57,,,,
1990.0411,,350.72,,,,,
1990.0417,353.86,,,,,,
1990.125,355.1,,,,,,
1990.126,,350.45,,,,,
1990.2027,,350.56,,,,,
1990.2083,355.75,,,,,,
1990.2877,,350.83,,,,,
1990.2917,356.38,,,,,,
1990.3699,,351.29,,,,,
1990.375,357.38,,,,,,
1990.4548,,351.52,,,,,
1990.4583,356.39,,,,,,
1990.537,,351.99,,,,,
1990.5417,354.89,,,,,,
1990.6219,,352.48,,,,,
1990.625,353.06,,,,,,
1990.7068,,352.68,,,,,
1990.7083,351.38,,,,,,
1990.789,,352.5,,,,,
1990.7917,351.69,,,,,,
1990.874,,352.76,,,,,
1990.875,353.14,,,,,,
1990.9562,,352.56,,,,,
1990.9583,354.41,,,,,,
1991,,,351.83,,,,
1991,,,352.5,,,,
1991,,,352.33,,,,
1991.0417,354.93,,,,,,
1991.125,355.82,,,,,,
1991.126,,352.27,,,,,
1991.2027,,352.21,,,,,
1991.2083,357.33,,,,,,
1991.2877,,352.38,,,,,
1991.2917,358.77,,,,,,
1991.3699,,352.47,,,,,
1991.375,359.23,,,,,,
1991.4548,,352.89,,,,,
1991.4583,358.23,,,,,,
1991.537,,353.33,,,,,
1991.5417,356.3,,,,,,
1991.6219,,353.6,,,,,
1991.625,353.97,,,,,,
1991.7068,,354.02,,,,,
1991.7083,352.34,,,,,,
1991.789,,353.81,,,,,
1991.7917,352.43,,,,,,
1991.874,,353.88,,,,,
1991.875,353.89,,,,,,
1991.9562,,353.72,,,,,
1991.9583,355.21,,,,,,
1992,,,353.86,,,,
1992,,,353.66,,,,
1992,,,353.65,,,,
1992,,,353.73,,,,
1992.041,,353.5,,,,,
1992.0417,356.34,,,,,,
1992.125,357.21,,,,,,
1992.1257,,353.37,,,,,
1992.2049,,353.11,,,,,
1992.2083,357.97,,,,,,
1992.2896,,353.32,,,,,
1992.2917,359.22,,,,,,
1992.3716,,353.67,,,,,
1992.375,359.71,,,,,,
1992.4,,,353.6,,,,
1992.4563,,353.93,,,,,
1992.4583,359.43,,,,,,
1992.5383,,354.54,,,,,
1992.5417,357.15,,,,,,
1992.623,,354.87,,,,,
1992.625,354.99,,,,,,
1992.7077,,355.18,,,,,
1992.7083,353.01,,,,,,
1992.7896,,355.28,,,,,
1992.7917,353.41,,,,,,
1992.8743,,355.03,,,,,
1992.875,354.42,,,,,,
1992.9563,,354.81,,,,,
1992.9583,355.68,,,,,,
1993,,,354.31,,,,
1993,,,353.58,,,,
1993.0411,,354.66,,,,,
1993.0417,357.1,,,,,,
1993.125,357.42,,,,,,
1993.126,,354.44,,,,,
1993.2027,,354.17,,,,,
1993.2083,358.59,,,,,,
1993.2877,,354.37,,,,,
1993.2917,359.39,,,,,,
1993.3699,,354.44,,,,,
1993.375,360.3,,,,,,
1993.4548,,354.79,,,,,
1993.4583,359.64,,,,,,
1993.537,,355.15,,,,,
1993.5417,357.46,,,,,,
1993.6219,,355.64,,,,,
1993.625,355.76,,,,,,
1993.7068,,355.98,,,,,
1993.7083,354.14,,,,,,
1993.789,,356,,,,,
1993.7917,354.23,,,,,,
1993.874,,355.96,,,,,
1993.875,355.53,,,,,,
1993.9562,,355.64,,,,,
1993.9583,357.03,,,,,,
1994,,,357.35,,,,
1994,,,356.96,,,,
1994,,,357.02,,,,
1994,,,357.09,,,,
1994.0411,,355.45,,,,,
1994.0417,358.36,,,,,,
1994.125,359.04,,,,,,
1994.126,,355.45,,,,,
1994.2027,,355.47,,,,,
1994.2083,360.11,,,,,,
1994.2877,,355.61,,,,,
1994.2917,361.36,,,,,,
1994.3699,,355.66,,,,,
1994.375,361.78,,,,,,
1994.4548,,355.96,,,,,
1994.4583,360.94,,,,,,
1994.5,,,356.9,,,,
1994.537,,356.44,,,,,
1994.5417,359.51,,,,,,
1994.6219,,357.08,,,,,
1994.625,357.59,,,,,,
1994.7068,,357.58,,,,,
1994.7083,355.86,,,,,,
1994.789,,357.49,,,,,
1994.7917,356.21,,,,,,
1994.874,,357.68,,,,,
1994.875,357.65,,,,,,
1994.9562,,357.5,,,,,
1994.9583,359.1,,,,,,
1995.0411,,357.43,,,,,
1995.0417,360.04,,,,,,
1995.125,361,,,,,,
1995.126,,357.35,,,,,
1995.2027,,357.35,,,,,
1995.2083,361.98,,,,,,
1995.2877,,357.62,,,,,
1995.2917,363.44,,,,,,
1995.3699,,357.8,,,,,
1995.375,363.83,,,,,,
1995.4548,,357.94,,,,,
1995.4583,363.33,,,,,,
1995.537,,358.33,,,,,
1995.5417,361.78,,,,,,
1995.6219,,358.74,,,,,
1995.625,359.33,,,,,,
1995.7068,,359.14,,,,,
1995.7083,358.32,,,,,,
1995.789,,359.27,,,,,
1995.7917,358.14,,,,,,
1995.874,,359.42,,,,,
1995.875,359.61,,,,,,
1995.9562,,359.47,,,,,
1995.9583,360.82,,,,,,
1996,,,359.62,,,,
1996,,,359.67,,,,
1996,,,359.65,,,,
1996.041,,359.35,,,,,
1996.0417,362.2,,,,,,
1996.125,363.36,,,,,,
1996.1257,,359.31,,,,,
1996.2049,,359.26,,,,,
1996.2083,364.28,,,,,,
1996.2896,,359.37,,,,,
1996.2917,364.69,,,,,,
1996.3716,,359.41,,,,,
1996.375,365.25,,,,,,
1996.4563,,359.72,,,,,
1996.4583,365.06,,,,,,
1996.5,,,359.5,,,,
1996.5383,,360.17,,,,,
1996.5417,363.69,,,,,,
1996.623,,360.53,,,,,
1996.625,361.55,,,,,,
1996.7077,,360.71,,,,,
1996.7083,359.69,,,,,,
1996.7896,,360.7,,,,,
1996.7917,359.72,,,,,,
1996.8743,,360.74,,,,,
1996.875,361.04,,,,,,
1996.9563,,360.72,,,,,
1996.9583,362.39,,,,,,
1997.0411,,360.57,,,,,
1997.0417,363.24,,,,,,
1997.125,364.21,,,,,,
1997.126,,360.48,,,,,
1997.2027,,360.34,,,,,
1997.2083,364.65,,,,,,
1997.2877,,360.5,,,,,
1997.2917,366.49,,,,,,
1997.3699,,360.6,,,,,
1997.375,366.77,,,,,,
1997.4548,,360.93,,,,,
1997.4583,365.73,,,,,,
1997.537,,361.27,,,,,
1997.5417,364.46,,,,,,
1997.6219,,361.55,,,,,
1997.625,362.4,,,,,,
1997.7068,,361.97,,,,,
1997.7083,360.44,,,,,,
1997.789,,362.02,,,,,
1997.7917,360.98,,,,,,
1997.874,,362.14,,,,,
1997.875,362.65,,,,,,
1997.9562,,362.18,,,,,
1997.9583,364.51,,,,,,
1998,,,361.78,,,,
1998.0411,,362.13,,,,,
1998.0417,365.39,,,,,,
1998.125,366.1,,,,,,
1998.126,,362.33,,,,,
1998.2027,,362.43,,,,,
1998.2083,367.36,,,,,,
1998.2877,,362.71,,,,,
1998.2917,368.79,,,,,,
1998.3699,,363.03,,,,,
1998.375,369.56,,,,,,
1998.4548,,363.58,,,,,
1998.4583,369.13,,,,,,
1998.537,,364.07,,,,,
1998.5417,367.98,,,,,,
1998.6219,,364.59,,,,,
1998.625,366.1,,,,,,
1998.7068,,365.02,,,,,
1998.7083,364.16,,,,,,
1998.789,,365.04,,,,,
1998.7917,364.54,,,,,,
1998.874,,365.13,,,,,
1998.875,365.67,,,,,,
1998.9562,,365.02,,,,,
1998.9583,367.3,,,,,,
1999.0411,,365,,,,,
1999.0417,368.35,,,,,,
1999.125,369.28,,,,,,
1999.126,,364.81,,,,,
1999.2027,,364.85,,,,,
1999.2083,369.84,,,,,,
1999.2877,,365.04,,,,,
1999.2917,371.15,,,,,,
1999.3699,,365.1,,,,,
1999.375,371.12,,,,,,
1999.4583,370.46,,,,,,
1999.537,,365.71,,,,,
1999.5417,369.61,,,,,,
1999.6219,,365.96,,,,,
1999.625,367.06,,,,,,
1999.7068,,366.4,,,,,
1999.7083,364.95,,,,,,
1999.789,,366.54,,,,,
1999.7917,365.52,,,,,,
1999.874,,366.78,,,,,
1999.875,366.88,,,,,,
1999.9562,,366.85,,,,,
1999.9583,368.26,,,,,,
2000.041,,366.49,,,,,
2000.0417,369.45,,,,,,
2000.125,369.71,,,,,,
2000.1257,,366.55,,,,,
2000.2083,370.75,,,,,,
2000.2896,,366.5,,,,,
2000.2917,371.98,,,,,,
2000.3716,,366.62,,,,,
2000.375,371.74,,,,,,
2000.4563,,366.84,,,,,
2000.4583,371.87,,,,,,
2000.5383,,367.16,,,,,
2000.5417,370.02,,,,,,
2000.623,,367.58,,,,,
2000.625,368.27,,,,,,
2000.7077,,367.7,,,,,
2000.7083,367.15,,,,,,
2000.7896,,367.79,,,,,
2000.7917,367.18,,,,,,
2000.8743,,367.93,,,,,
2000.875,368.53,,,,,,
2000.9563,,367.89,,,,,
2000.9583,369.83,,,,,,
2001.0411,,367.87,,,,,
2001.0417,370.76,,,,,,
2001.125,371.69,,,,,,
2001.126,,367.16,,,,,
2001.2027,,367.1,,,,,
2001.2083,372.63,,,,,,
2001.2877,,367.42,,,,,
2001.2917,373.55,,,,,,
2001.3699,,367.66,,,,,
2001.375,374.03,,,,,,
2001.4548,,367.99,,,,,
2001.4583,373.4,,,,,,
2001.537,,368.35,,,,,
2001.5417,371.68,,,,,,
2001.6219,,368.89,,,,,
2001.625,369.78,,,,,,
2001.7068,,369.5,,,,,
2001.7083,368.34,,,,,,
2001.789,,369.63,,,,,
2001.7917,368.61,,,,,,
2001.874,,369.52,,,,,
2001.875,369.94,,,,,,
2001.9562,,369.31,,,,,
2001.9583,371.42,,,,,,
2002.0411,,369.37,,,,,
2002.0417,372.7,,,,,,
2002.125,373.37,,,,,,
2002.126,,369.57,,,,,
2002.2027,,369.68,,,,,
2002.2083,374.3,,,,,,
2002.2877,,369.75,,,,,
2002.2917,375.19,,,,,,
2002.3699,,370.06,,,,,
2002.375,375.93,,,,,,
2002.4548,,370.46,,,,,
2002.4583,375.69,,,,,,
2002.537,,370.94,,,,,
2002.5417,374.16,,,,,,
2002.6219,,371.52,,,,,
2002.625,372.03,,,,,,
2002.7068,,371.76,,,,,
2002.7083,370.93,,,,,,
2002.789,,371.89,,,,,
2002.7917,370.73,,,,,,
2002.874,,371.88,,,,,
2002.875,372.43,,,,,,
2002.9562,,371.68,,,,,
2002.9583,373.98,,,,,,
2003.0411,,372,,,,,
2003.0417,375.07,,,,,,
2003.125,375.82,,,,,,
2003.126,,371.85,,,,,
2003.2027,,371.77,,,,,
2003.2083,376.64,,,,,,
2003.2877,,372.06,,,,,
2003.2917,377.92,,,,,,
2003.3699,,372.39,,,,,
2003.375,378.78,,,,,,
2003.4548,,372.64,,,,,
2003.4583,378.46,,,,,,
2003.537,,373.03,,,,,
2003.5417,376.88,,,,,,
2003.6219,,373.47,,,,,
2003.625,374.57,,,,,,
2003.7068,,373.96,,,,,
2003.7083,373.34,,,,,,
2003.789,,373.88,,,,,
2003.7917,373.31,,,,,,
2003.874,,373.72,,,,,
2003.875,374.84,,,,,,
2003.9562,,373.69,,,,,
2003.9583,376.17,,,,,,
2004.041,,373.66,,,,,
2004.0417,377.17,,,,,,
2004.125,378.05,,,,,,
2004.1257,,373.48,,,,,
2004.2049,,373.95,,,,,
2004.2083,379.06,,,,,,
2004.2896,,373.97,,,,,
2004.2917,380.54,,,,,,
2004.3716,,374.16,,,,,
2004.375,380.8,,,,,,
2004.4563,,374.56,,,,,
2004.4583,379.87,,,,,,
2004.5383,,374.96,,,,,
2004.5417,377.65,,,,,,
2004.623,,375.45,,,,,
2004.625,376.17,,,,,,
2004.7077,,375.62,,,,,
2004.7083,374.43,,,,,,
2004.7896,,375.7,,,,,
2004.7917,374.63,,,,,,
2004.8743,,375.62,,,,,
2004.875,376.33,,,,,,
2004.9563,,375.37,,,,,
2004.9583,377.68,,,,,,
2005.0411,,375.44,,,,,
2005.0417,378.63,,,,,,
2005.125,379.91,,,,,,
2005.126,,375.33,,,,,
2005.2027,,375.69,,,,,
2005.2083,380.95,,,,,,
2005.2877,,375.83,,,,,
2005.2917,382.48,,,,,,
2005.3699,,376.31,,,,,
2005.375,382.64,,,,,,
2005.4548,,376.53,,,,,
2005.4583,382.4,,,,,,
2005.5417,380.93,,,,,,
2005.625,378.93,,,,,,
2005.7068,,377.8,,,,,
2005.7083,376.89,,,,,,
2005.789,,378.09,,,,,
2005.7917,377.19,,,,,,
2005.874,,377.73,,,,,
2005.875,378.54,,,,,,
2005.9562,,377.92,,,,,
2005.9583,380.31,,,,,,
2006.0411,,377.9,,,,,
2006.0417,381.58,,,,,,
2006.125,382.4,,,,,,
2006.126,,377.67,,,,,
2006.2027,,377.65,,,,,
2006.2083,382.86,,,,,,
2006.2917,384.8,,,,,,
2006.3699,,378.07,,,,,
2006.375,385.22,,,,,,
2006.4548,,378.42,,,,,
2006.4583,384.24,,,,,,
2006.537,,378.92,,,,,
2006.5417,382.65,,,,,,
2006.6219,,379.32,,,,,
2006.625,380.6,,,,,,
2006.7068,,379.36,,,,,
2006.7083,379.04,,,,,,
2006.789,,379.38,,,,,
2006.7917,379.33,,,,,,
2006.874,,379.41,,,,,
2006.875,380.35,,,,,,
2006.9583,382.02,,,,,,
2007.0411,,379.3,,,,,
2007.0417,383.1,,,,,,
2007.125,384.12,,,,,,
2007.126,,379.38,,,,,
2007.2027,,379.37,,,,,
2007.2083,384.81,,,,,,
2007.2877,,379.68,,,,,
2007.2917,386.73,,,,,,
2007.3699,,380.01,,,,,
2007.375,386.78,,,,,,
2007.4548,,380.38,,,,,
2007.4583,386.33,,,,,,
2007.537,,380.79,,,,,
2007.5417,384.73,,,,,,
2007.6219,,381.28,,,,,
2007.625,382.24,,,,,,
2007.7068,,381.59,,,,,
2007.7083,381.2,,,,,,
2007.789,,381.75,,,,,
2007.7917,381.37,,,,,,
2007.874,,381.7,,,,,
2007.875,382.7,,,,,,
2007.9562,,381.76,,,,,
2007.9583,384.19,,,,,,
2008.041,,381.87,,,,,
2008.0417,385.78,,,,,,
2008.125,386.06,,,,,,
2008.1257,,381.61,,,,,
2008.2049,,381.73,,,,,
2008.2083,386.28,,,,,,
2008.2896,,381.98,,,,,
2008.2917,387.33,,,,,,
2008.3716,,381.89,,,,,
2008.375,388.78,,,,,,
2008.4563,,382.18,,,,,
2008.4583,387.99,,,,,,
2008.5383,,382.67,,,,,
2008.5417,386.6,,,,,,
2008.623,,383.15,,,,,
2008.625,384.32,,,,,,
2008.7077,,383.45,,,,,
2008.7083,383.41,,,,,,
2008.7896,,383.35,,,,,
2008.7917,383.21,,,,,,
2008.8743,,383.45,,,,,
2008.875,384.41,,,,,,
2008.9563,,383.45,,,,,
2008.9583,385.79,,,,,,
2009.0411,,383.57,,,,,
2009.0417,387.17,,,,,,
2009.125,387.7,,,,,,
2009.126,,383.18,,,,,
2009.2027,,383.21,,,,,
2009.2083,389.04,,,,,,
2009.2877,,383.41,,,,,
2009.2917,389.76,,,,,,
2009.3699,,383.5,,,,,
2009.375,390.36,,,,,,
2009.4548,,383.84,,,,,
2009.4583,389.7,,,,,,
2009.537,,384.29,,,,,
2009.5417,388.25,,,,,,
2009.6219,,384.63,,,,,
2009.625,386.29,,,,,,
2009.7068,,384.92,,,,,
2009.7083,384.95,,,,,,
2009.789,,385.11,,,,,
2009.7917,384.64,,,,,,
2009.874,,385.09,,,,,
2009.875,386.23,,,,,,
2009.9562,,385,,,,,
2009.9583,387.63,,,,,,
2010.0411,,385.03,,,,,
2010.0417,388.91,,,,,,
2010.125,390.41,,,,,,
2010.126,,384.62,,,,,
2010.2027,,384.74,,,,,
2010.2083,391.37,,,,,,
2010.2877,,384.94,,,,,
2010.2917,392.67,,,,,,
2010.3699,,385.14,,,,,
2010.375,393.21,,,,,,
2010.4548,,385.66,,,,,
2010.4583,392.38,,,,,,
2010.537,,386.38,,,,,
2010.5417,390.41,,,,,,
2010.6219,,386.97,,,,,
2010.625,388.54,,,,,,
2010.7068,,387.44,,,,,
2010.7083,387.03,,,,,,
2010.789,,387.42,,,,,
2010.7917,387.43,,,,,,
2010.874,,387.3,,,,,
2010.875,388.87,,,,,,
2010.9562,,387.39,,,,,
2010.9583,389.99,,,,,,
2011.0411,,387.28,,,,,
2011.0417,391.5,,,,,,
2011.125,392.05,,,,,,
2011.126,,387.39,,,,,
2011.2027,,386.95,,,,,
2011.2083,392.8,,,,,,
2011.2877,,387.08,,,,,
2011.2917,393.44,,,,,,
2011.3699,,387.2,,,,,
2011.375,394.41,,,,,,
2011.4548,,387.62,,,,,
2011.4583,393.95,,,,,,
2011.537,,387.98,,,,,
2011.5417,392.72,,,,,,
2011.6219,,388.57,,,,,
2011.625,390.33,,,,,,
2011.7068,,388.86,,,,,
2011.7083,389.28,,,,,,
2011.789,,389.15,,,,,
2011.7917,389.19,,,,,,
2011.874,,389.02,,,,,
2011.875,390.48,,,,,,
2011.9562,,388.79,,,,,
2011.9583,392.06,,,,,,
2012.041,,389.05,,,,,
2012.0417,393.31,,,,,,
2012.125,394.04,,,,,,
2012.1257,,388.53,,,,,
2012.2049,,388.88,,,,,
2012.2083,394.59,,,,,,
2012.2896,,388.95,,,,,
2012.2917,396.38,,,,,,
2012.3716,,389.34,,,,,
2012.375,396.93,,,,,,
2012.4563,,389.62,,,,,
2012.4583,395.91,,,,,,
2012.5383,,390.37,,,,,
2012.5417,394.56,,,,,,
2012.623,,391.09,,,,,
2012.625,392.59,,,,,,
2012.7077,,391.27,,,,,
2012.7083,391.32,,,,,,
2012.7896,,391.45,,,,,
2012.7917,391.27,,,,,,
2012.8743,,391.31,,,,,
2012.875,393.2,,,,,,
2012.9563,,391.57,,,,,
2012.9583,394.57,,,,,,
2013.0411,,391.38,,,,,
2013.0417,395.78,,,,,,
2013.125,397.03,,,,,,
2013.126,,391.44,,,,,
2013.2027,,391.5,,,,,
2013.2083,397.66,,,,,,
2013.2877,,391.91,,,,,
2013.2917,398.64,,,,,,
2013.3699,,392.54,,,,,
2013.375,400.02,,,,,,
2013.4548,,393.02,,,,,
2013.4583,398.81,,,,,,
2013.537,,393.57,,,,,
2013.5417,397.51,,,,,,
2013.6219,,394.12,,,,,
2013.625,395.39,,,,,,
2013.7068,,394.27,,,,,
2013.7083,393.72,,,,,,
2013.789,,394.22,,,,,
2013.7917,393.9,,,,,,
2013.874,,394.23,,,,,
2013.875,395.36,,,,,,
2013.9562,,394.38,,,,,
2013.9583,397.03,,,,,,
2014.0411,,394.36,,,,,
2014.0417,398.04,,,,,,
2014.125,398.27,,,,,,
2014.126,,394.19,,,,,
2014.2027,,394.16,,,,,
2014.2083,399.91,,,,,,
2014.2877,,394.36,,,,,
2014.2917,401.51,,,,,,
2014.3699,,394.63,,,,,
2014.375,401.96,,,,,,
2014.4548,,394.85,,,,,
2014.4583,401.43,,,,,,
2014.537,,395.36,,,,,
2014.5417,399.38,,,,,,
2014.6219,,395.86,,,,,
2014.625,397.32,,,,,,
2014.7068,,396.15,,,,,
2014.7083,395.64,,,,,,
2014.789,,396.26,,,,,
2014.7917,396.29,,,,,,
2014.874,,396.23,,,,,
2014.875,397.55,,,,,,
2014.9562,,396.3,,,,,
2014.9583,399.15,,,,,,
2015.0411,,396.36,,,,,
2015.0417,400.18,,,,,,
2015.125,400.55,,,,,,
2015.126,,396.14,,,,,
2015.2027,,396.04,,,,,
2015.2083,401.74,,,,,,
2015.2877,,396.5,,,,,
2015.2917,403.35,,,,,,
2015.3699,,397.09,,,,,
2015.375,404.15,,,,,,
2015.4548,,397.6,,,,,
2015.4583,402.97,,,,,,
2015.537,,398.25,,,,,
2015.5417,401.46,,,,,,
2015.6219,,398.36,,,,,
2015.625,399.11,,,,,,
2015.7068,,398.82,,,,,
2015.7083,397.82,,,,,,
2015.789,,398.79,,,,,
2015.7917,398.49,,,,,,
2015.874,,398.96,,,,,
2015.875,400.27,,,,,,
2015.9562,,398.93,,,,,
2015.9583,402.06,,,,,,
2016.041,,398.8,,,,,
2016.0417,402.73,,,,,,
2016.125,404.25,,,,,,
2016.1257,,398.85,,,,,
2016.2049,,399.37,,,,,
2016.2083,405.06,,,,,,
2016.2896,,399.27,,,,,
2016.2917,407.6,,,,,,
2016.3716,,400.3,,,,,
2016.375,407.9,,,,,,
2016.4563,,401.05,,,,,
2016.4583,406.99,,,,,,
2016.5383,,401.16,,,,,
2016.5417,404.59,,,,,,
2016.623,,401.67,,,,,
2016.625,402.45,,,,,,
2016.7077,,401.97,,,,,
2016.7083,401.23,,,,,,
2016.7896,,402.06,,,,,
2016.7917,401.79,,,,,,
2016.8743,,401.78,,,,,
2016.875,403.72,,,,,,
2016.9563,,401.58,,,,,
2016.9583,404.64,,,,,,
2017.0411,,401.28,,,,,
2017.0417,406.36,,,,,,
2017.125,406.66,,,,,,
2017.126,,401.6,,,,,
2017.2027,,401.37,,,,,
2017.2083,407.53,,,,,,
2017.2877,,401.37,,,,,
2017.2917,409.22,,,,,,
2017.3699,,401.83,,,,,
2017.375,409.89,,,,,,
2017.4548,,402.17,,,,,
2017.4583,409.08,,,,,,
2017.537,,402.62,,,,,
2017.5417,407.33,,,,,,
2017.6219,,403.3,,,,,
2017.625,405.32,,,,,,
2017.7068,,403.67,,,,,
2017.7083,403.57,,,,,,
2017.789,,403.76,,,,,
2017.7917,403.82,,,,,,
2017.875,405.31,,,,,,
2017.9562,,403.89,,,,,
2017.9583,407,,,,,,
2018.0411,,404,,,,,
2018.0417,408.15,,,,,,
2018.125,408.52,,,,,,
2018.126,,403.91,,,,,
2018.2027,,404.21,,,,,
2018.2083,409.59,,,,,,
2018.2877,,404.41,,,,,
2018.2917,410.45,,,,,,
2018.3699,,404.58,,,,,
2018.375,411.44,,,,,,
2018.4548,,405.01,,,,,
2018.4583,410.99,,,,,,
2018.5417,408.9,,,,,,
2018.6219,,405.99,,,,,
2018.625,407.16,,,,,,
2018.7068,,406.37,,,,,
2018.7083,405.71,,,,,,
2018.789,,406.52,,,,,
2018.7917,406.19,,,,,,
2018.874,,406.4,,,,,
2018.875,408.21,,,,,,
2018.9562,,406.29,,,,,
2018.9583,409.27,,,,,,
2019.0411,,406.02,,,,,
2019.0417,411.03,,,,,,
2019.125,411.96,,,,,,
2019.126,,406.35,,,,,
2019.2027,,406.08,,,,,
2019.2083,412.18,,,,,,
2019.2877,,406.23,,,,,
2019.2917,413.54,,,,,,
2019.3699,,406.93,,,,,
2019.375,414.86,,,,,,
2019.4548,,407.36,,,,,
2019.4583,414.16,,,,,,
2019.537,,408.04,,,,,
2019.5417,411.97,,,,,,
2019.6219,,408.62,,,,,
2019.625,410.18,,,,,,
2019.7068,,408.89,,,,,
2019.7083,408.76,,,,,,
2019.789,,408.99,,,,,
2019.7917,408.75,,,,,,
2019.874,,409.01,,,,,
2019.875,410.48,,,,,,
2019.9562,,409.17,,,,,
2019.9583,411.98,,,,,,
2020.041,,408.96,,,,,
2020.0417,413.61,,,,,,
2020.125,414.34,,,,,,
2020.1257,,408.87,,,,,
2020.2049,,408.68,,,,,
2020.2083,414.74,,,,,,
2020.2896,,409.06,,,,,
2020.2917,416.45,,,,,,
2020.3716,,409.47,,,,,
2020.375,417.31,,,,,,
2020.4563,,409.75,,,,,
2020.4583,416.6,,,,,,
2020.5383,,410.18,,,,,
2020.5417,414.62,,,,,,
2020.623,,410.79,,,,,
2020.625,412.78,,,,,,
2020.7077,,411.09,,,,,
2020.7083,411.52,,,,,,
2020.7896,,411.06,,,,,
2020.7917,411.51,,,,,,
2020.8743,,411.42,,,,,
2020.875,413.12,,,,,,
2020.9583,414.26,,,,,,
2021.0417,415.52,,,,,,
2021.125,416.75,,,,,,
2021.2083,417.64,,,,,,
2021.2917,419.05,,,,,,
2021.375,419.13,,,,,,
-18195,,,,,190.5,,
-19522,,,,,189.1,,
-19794,,,,,189,,
-20397,,,,,187.7,,
-21717,,,,,195.2,,
-21935,,,,,194.1,,
-22608,,,,,196.1,,
-23286,,,,,194,,
-23819,,,,,191.1,,
-24521,,,,,193.5,,
-25088,,,,,196.8,,
-25579,,,,,199.6,,
-26082,,,,,199.1,,
-26528,,,,,200.4,,
-27324,,,,,200.2,,
-27780,,,,,200.1,,
-27999,,,,,201.6,,
-28253,,,,,200.9,,
-28606,,,,,203.6,,
-29085,,,,,205.3,,
-30629,,,,,208.8,,
-30880,,,,,213,,
-31131,,,,,211.3,,
-31303,,,,,212.6,,
-31851,,,,,213.6,,
-32024,,,,,210.8,,
-32184,,,,,209.9,,
-32339,,,,,210.6,,
-32765,,,,,210.3,,
-32875,,,,,207.8,,
-33105,,,,,205.7,,
-33309,,,,,198.6,,
-33482,,,,,196.4,,
-33916,,,,,197.5,,
-34388,,,,,198.2,,
-34784,,,,,201.4,,
-34931,,,,,198.9,,
-35516,,,,,201.4,,
-35750,,,,,201.6,,
-35955,,,,,202.2,,
-36164,,,,,201.9,,
-37242,,,,,199.9,,
-37726,,,,,201.7,,
-38072,,,,,205,,
-38598,,,,,210,,
-38903,,,,,214,,
-39308,,,,,216.2,,
-39858,,,,,214.6,,
-40237,,,,,215.7,,
-40718,,,,,210.6,,
-41485,,,,,206.6,,
-42703,,,,,203.1,,
-43293,,,,,200,,
-43599,,,,,199.1,,
-44407,,,,,202.1,,
-44921,,,,,206.9,,
-45426,,,,,206.9,,
-46425,,,,,212.3,,
-46875,,,,,214.3,,
-47242,,,,,218,,
-48398,,,,,216.9,,
-49528,,,,,211.7,,
-50192,,,,,210.8,,
-51019,,,,,208,,
-51830,,,,,211.5,,
-53440,,,,,218.2,,
-55126,,,,,220.4,,
-55804,,,,,215,,
-56353,,,,,214.9,,
-56911,,,,,212.5,,
-57878,,,,,204.6,,
-59607,,,,,197.4,,
-60117,,,,,203.6,,
-392,,,,,,284.7,
-1684,,,,,,272.8,
-1883,,,,,,268.1,
-4270,,,,,,262.2,
-5377,,,,,,254.6,
-6163,,,,,,259.6,
-8173,,,,,,261.6,
-9063,,,,,,263.7,
-9376,,,,,,244.8,
-9769,,,,,,238.3,
-11455,,,,,,236.2,
-12039,,,,,,225.3,
-15745,,,,,,182.2,
-18038,,,,,,189.2,
-21027,,,,,,191.6,
-24353,,,,,,188.5,
-25112,,,,,,191.7,
-29497,,,,,,205.4,
-31934,,,,,,209.1,
-37930,,,,,,209.1,
-42816,,,,,,189.3,
-45074,,,,,,188.4,
-46279,,,,,,210.1,
-47464,,,,,,215.7,
-49224,,,,,,190.4,
-55118,,,,,,221.8,
-55849,,,,,,210.4,
-61737,,,,,,195.4,
-63751,,,,,,191.4,
-64933,,,,,,195,
-70899,,,,,,227.4,
-73410,,,,,,229.2,
-77045,,,,,,217.1,
-78109,,,,,,221.8,
-80908,,,,,,231,
-82979,,,,,,241.1,
-83777,,,,,,236.4,
-84373,,,,,,228.1,
-85230,,,,,,214.2,
-86101,,,,,,217,
-87413,,,,,,208,
-89741,,,,,,224.3,
-90510,,,,,,228.4,
-93399,,,,,,232.1,
-97892,,,,,,225.9,
-98883,,,,,,230.9,
-99879,,,,,,236.9,
-101422,,,,,,228.2,
-103263,,,,,,236.9,
-104253,,,,,,230.7,
-106358,,,,,,238.2,
-107044,,,,,,245.7,
-108303,,,,,,251.3,
-109506,,,,,,256.8,
-110627,,,,,,266.3,
-111522,,,,,,261.4,
-112132,,,,,,274.6,
-112788,,,,,,273.3,
-114225,,,,,,262.5,
-115569,,,,,,267.6,
-116446,,,,,,273.8,
-117323,,,,,,272,
-118052,,,,,,265.2,
-118702,,,,,,277.7,
-120011,,,,,,272.2,
-120656,,,,,,276.5,
-121865,,,,,,268.7,
-121908,,,,,,266.6,
-122356,,,,,,266.3,
-122621,,,,,,279.8,
-122773,,,,,,273,
-122926,,,,,,277.2,
-123796,,,,,,273.8,
-124073,,,,,,267.1,
-124525,,,,,,262.5,
-124859,,,,,,262.6,
-125495,,,,,,275.4,
-125858,,,,,,275.6,
-126350,,,,,,274.1,
-126449,,,,,,287.1,
-126702,,,,,,286.8,
-127057,,,,,,282.7,
-127461,,,,,,264.1,
-127805,,,,,,263.4,
-128156,,,,,,257.9,
-128217,,,,,,259,
-129042,,,,,,264.6,
-129711,,,,,,245,
-129839,,,,,,240.4,
-130117,,,,,,228.9,
-130868,,,,,,223.5,
-131384,,,,,,224,
-131416,,,,,,220.3,
-131686,,,,,,210.6,
-132255,,,,,,208.9,
-132412,,,,,,203.7,
-133053,,,,,,204.6,
-133222,,,,,,200.4,
-133321,,,,,,198,
-133733,,,,,,198.1,
-134026,,,,,,201.8,
-134149,,,,,,200.7,
-134409,,,,,,202.5,
-134709,,,,,,195.9,
-134793,,,,,,201.1,
-135433,,,,,,194.4,
-135744,,,,,,193.4,
-136036,,,,,,194.2,
-136276,,,,,,190.2,
-137495,,,,,,192.3,
-137901,,,,,,196.5,
-139306,,,,,,195.6,
-139362,,,,,,196.5,
-140407,,,,,,190.4,
-143485,,,,,,197,
-147207,,,,,,203,
-148353,,,,,,191.9,
-148473,,,,,,188.9,
-149904,,,,,,200.6,
-152521,,,,,,189,
-153349,,,,,,185.5,
-153757,,,,,,187.5,
-158544,,,,,,204.4,
-159087,,,,,,196.5,
-161046,,,,,,191.6,
-161572,,,,,,190.1,
-162391,,,,,,186.7,
-163328,,,,,,183.8,
-164349,,,,,,196.5,
-167920,,,,,,197.9,
-170646,,,,,,197.8,
-172667,,,,,,196,
-173490,,,,,,190.3,
-174080,,,,,,189.4,
-174321,,,,,,190.1,
-176600,,,,,,207.7,
-178829,,,,,,213.2,
-179667,,,,,,217.7,
-180497,,,,,,198.1,
-181405,,,,,,199.8,
-183113,,,,,,203.5,
-185249,,,,,,210.7,
-187385,,,,,,231.4,
-189107,,,,,,231.5,
-189642,,,,,,220.3,
-190682,,,,,,218,
-193173,,,,,,226.5,
-193675,,,,,,220.1,
-195617,,,,,,226.4,
-196492,,,,,,241.2,
-197075,,,,,,242.6,
-200262,,,,,,251,
-201241,,,,,,239.1,
-202333,,,,,,247.7,
-203198,,,,,,244.4,
-203485,,,,,,231.9,
-203765,,,,,,232.2,
-204169,,,,,,228.7,
-204722,,,,,,226.3,
-205079,,,,,,229.4,
-205462,,,,,,231.4,
-206041,,,,,,238.2,
-206227,,,,,,237.2,
-206844,,,,,,230,
-207123,,,,,,240.5,
-207464,,,,,,242.2,
-208072,,,,,,244.6,
-208282,,,,,,243.9,
-208880,,,,,,247.3,
-209055,,,,,,252,
-209526,,,,,,246.9,
-209979,,,,,,239.5,
-210331,,,,,,257.4,
-211055,,,,,,243.4,
-212203,,,,,,251.2,
-213091,,,,,,241.4,
-213643,,,,,,240.3,
-213929,,,,,,242.7,
-214509,,,,,,247.5,
-215059,,,,,,251.7,
-215321,,,,,,251.2,
-215624,,,,,,245.3,
-215726,,,,,,245.4,
-216392,,,,,,240.5,
-217729,,,,,,214.1,
-217730,,,,,,212.2,
-218092,,,,,,216.1,
-218232,,,,,,216.2,
-218808,,,,,,203.7,
-218810,,,,,,207.2,
-219104,,,,,,208.9,
-219662,,,,,,205.7,
-221008,,,,,,203.4,
-221496,,,,,,215.7,
-222680,,,,,,236.9,
-223349,,,,,,234.5,
-223559,,,,,,233.1,
-223938,,,,,,224.5,
-224760,,,,,,232.4,
-225434,,,,,,233.9,
-225890,,,,,,241.7,
-228753,,,,,,245.2,
-229432,,,,,,252.1,
-230040,,,,,,241.4,
-230620,,,,,,247.4,
-231152,,,,,,243.1,
-231696,,,,,,239.2,
-232176,,,,,,245.7,
-232520,,,,,,245.9,
-232831,,,,,,247.4,
-233263,,,,,,252.9,
-234286,,,,,,259.8,
-234901,,,,,,263.2,
-235881,,,,,,279,
-236249,,,,,,280.3,
-236985,,,,,,263.8,
-237300,,,,,,252.4,
-237595,,,,,,249.9,
-237916,,,,,,236.7,
-238251,,,,,,230.4,
-238627,,,,,,219.4,
-240118,,,,,,214.7,
-241703,,,,,,200.2,
-242265,,,,,,213.9,
-242913,,,,,,195.4,
-243533,,,,,,196.7,
-244140,,,,,,195.4,
-245497,,,,,,199,
-246137,,,,,,201.9,
-247030,,,,,,204,
-248511,,,,,,203.9,
-249571,,,,,,209.7,
-250224,,,,,,205.7,
-251009,,,,,,208.9,
-251930,,,,,,214.7,
-253283,,,,,,228.2,
-254103,,,,,,199.9,
-254551,,,,,,211.7,
-255297,,,,,,188.7,
-255842,,,,,,187.2,
-256527,,,,,,194.2,
-257278,,,,,,198.9,
-258008,,,,,,184.7,
-258804,,,,,,190.4,
-259645,,,,,,193.9,
-260461,,,,,,194.2,
-261257,,,,,,198.4,
-262096,,,,,,193.2,
-262884,,,,,,202.2,
-263753,,,,,,204.5,
-264542,,,,,,211,
-265484,,,,,,215.4,
-266729,,,,,,223.7,
-268730,,,,,,231.4,
-270325,,,,,,228,
-271062,,,,,,226.4,
-271960,,,,,,231.4,
-272495,,,,,,230.4,
-273268,,,,,,231,
-275348,,,,,,234.9,
-275975,,,,,,220.4,
-276652,,,,,,217.2,
-277593,,,,,,207.7,
-278411,,,,,,206,
-279250,,,,,,206.7,
-280351,,,,,,212.7,
-281542,,,,,,213.2,
-283351,,,,,,217.1,
-284267,,,,,,224.4,
-285152,,,,,,231,
-285896,,,,,,236.2,
-286542,,,,,,239,
-287483,,,,,,236,
-288621,,,,,,240.2,
-289819,,,,,,240.7,
-290524,,,,,,250.2,
-291052,,,,,,248.6,
-291726,,,,,,244.9,
-292665,,,,,,225.9,
-293899,,,,,,227.9,
-294430,,,,,,226.2,
-295181,,,,,,233.2,
-296101,,,,,,237.9,
-297070,,,,,,239,
-297927,,,,,,241.9,
-298696,,,,,,251.7,
-299546,,,,,,256.8,
-300506,,,,,,257.2,
-301384,,,,,,246.9,
-302003,,,,,,272.7,
-302640,,,,,,251.7,
-303354,,,,,,245.2,
-303356,,,,,,244.7,
-305181,,,,,,255.9,
-306151,,,,,,249.2,
-308085,,,,,,257.2,
-308089,,,,,,256.3,
-308980,,,,,,260.4,
-309824,,,,,,260.3,
-310719,,,,,,260.6,
-311543,,,,,,266.3,
-312424,,,,,,264,
-313193,,,,,,266.2,
-313990,,,,,,270.2,
-314731,,,,,,271.9,
-315495,,,,,,275.2,
-317030,,,,,,265,
-317804,,,,,,271.8,
-318428,,,,,,272.7,
-319436,,,,,,273.2,
-320161,,,,,,282.4,
-320632,,,,,,289.2,
-320877,,,,,,288.4,
-321535,,,,,,298.7,
-322239,,,,,,278.2,
-323041,,,,,,285.8,
-323577,,,,,,278.7,
-324289,,,,,,270.5,
-325164,,,,,,255.7,
-326147,,,,,,241.9,
-327317,,,,,,239.7,
-328258,,,,,,234.2,
-330343,,,,,,250.2,
-331677,,,,,,200.7,
-333340,,,,,,205.2,
-335022,,,,,,204.9,
-336332,,,,,,211.9,
-338215,,,,,,220.4,
-341048,,,,,,221.2,
-342785,,,,,,216.2,
-344155,,,,,,209.5,
-345660,,,,,,209.2,
-348815,,,,,,193,
-350462,,,,,,186.2,
-352422,,,,,,185.8,
-354888,,,,,,201.2,
-357738,,,,,,206.4,
-360816,,,,,,201.9,
-362549,,,,,,200,
-364271,,,,,,214.7,
-366167,,,,,,224.6,
-367613,,,,,,229.7,
-371064,,,,,,227,
-372611,,,,,,240,
-374808,,,,,,239.1,
-376244,,,,,,246.9,
-377683,,,,,,245.9,
-381554,,,,,,258.1,
-382959,,,,,,264.7,
-384629,,,,,,259.3,
-388639,,,,,,255.2,
-390501,,,,,,250.2,
-392678,,,,,,266.3,
-394763,,,,,,274.7,
-396604,,,,,,277.1,
-398440,,,,,,278,
-403894,,,,,,279.7,
-407072,,,,,,281.2,
-407072,,,,,,283.7,
-408881,,,,,,276.3,
-412135,,,,,,285.5,
-413484,,,,,,286.9,
-415210,,,,,,277.6,
-7117,,,,,,,265.2
-7360,,,,,,,263
-7654,,,,,,,264.4
-7826,,,,,,,264
-7981,,,,,,,265.7
-8143,,,,,,,267.5
-8313,,,,,,,266
-8508,,,,,,,267.6
-8600,,,,,,,264.8
-8690,,,,,,,264.8
-8782,,,,,,,265.3
-8872,,,,,,,264.1
-9002,,,,,,,264.5
-9058,,,,,,,264
-9149,,,,,,,265.2
-9245,,,,,,,260.8
-9360,,,,,,,253.9
-9565,,,,,,,249.7
-9652,,,,,,,250.7
-9745,,,,,,,245.3
-9888,,,,,,,246.6
-9991,,,,,,,243.2
-10308,,,,,,,237.5
-10422,,,,,,,237.6
-10561,,,,,,,234.2
-10675,,,,,,,238.3
-10839,,,,,,,237.3
-10977,,,,,,,237.9
-11118,,,,,,,237.6
-11302,,,,,,,236.4
-11382,,,,,,,239.2
-11490,,,,,,,238.6
-11624,,,,,,,238.6
-11761,,,,,,,239.1
-12072,,,,,,,228.5
-12280,,,,,,,228.4
-12437,,,,,,,226.1
-12582,,,,,,,225.2
-12697,,,,,,,224.5
-12905,,,,,,,222
-13087,,,,,,,221
-13216,,,,,,,220.9
-13373,,,,,,,219.4
-13516,,,,,,,214
-13687,,,,,,,207.5
-13868,,,,,,,207.7
-14052,,,,,,,202.9
-14249,,,,,,,200.8
-14450,,,,,,,195.2
-14666,,,,,,,193.9
-14933,,,,,,,191
-15123,,,,,,,188.5
-15361,,,,,,,188.5
-15513,,,,,,,189.2
-15865,,,,,,,187
-16124,,,,,,,188.6
-16441,,,,,,,189.4
-16483,,,,,,,192.3
-16537,,,,,,,188.3
-16998,,,,,,,188.7
-17154,,,,,,,188.8
-17410,,,,,,,190
-17671,,,,,,,188
-17845,,,,,,,188.2
-17874,,,,,,,195
-18187,,,,,,,187.8
-18440,,,,,,,186.9
-18696,,,,,,,186.5
-18947,,,,,,,184.7
-19206,,,,,,,186.1
-19561,,,,,,,185.7
-19726,,,,,,,184.4
-20000,,,,,,,NaN
-38000,,,,,,,NaN
-389267,,,,,,,259.5
-390362,,,,,,,273.6
-391368,,,,,,,260.7
-394482,,,,,,,276.3
-396565,,,,,,,277.1
-397365,,,,,,,283.2
-398928,,,,,,,283.1
-399672,,,,,,,275.7
-400790,,,,,,,276.5
-401890,,,,,,,280.5
-403338,,,,,,,279.6
-404050,,,,,,,285.6
-405470,,,,,,,284.5
-405870,,,,,,,275.2
-405870,,,,,,,274.2
-406950,,,,,,,282.6
-408020,,,,,,,283.5
-409285,,,,,,,274.9
-410110,,,,,,,264.9
-410950,,,,,,,271.6
-411548,,,,,,,276.4
-411850,,,,,,,276.2
-411953,,,,,,,271.7
-412668,,,,,,,268.5
-412819,,,,,,,273.4
-413245,,,,,,,271.8
-413528,,,,,,,277.7
-413697,,,,,,,274.6
-414350,,,,,,,273.3
-414550,,,,,,,273.7
-414996,,,,,,,271.2
-415250,,,,,,,268.9
-415448,,,,,,,273.8
-416381,,,,,,,268.6
-416883,,,,,,,266.4
-417220,,,,,,,276.6
-417220,,,,,,,274.3
-417431,,,,,,,270.6
-418260,,,,,,,270.9
-418452,,,,,,,267.7
-418957,,,,,,,268.3
-419257,,,,,,,273.7
-419408,,,,,,,270.8
-419737,,,,,,,270
-419990,,,,,,,265.4
-420125,,,,,,,257.7
-420310,,,,,,,255.3
-420786,,,,,,,252.1
-421100,,,,,,,254.1
-421284,,,,,,,248.2
-421479,,,,,,,242.5
-422475,,,,,,,219.7
-423049,,,,,,,227.2
-423878,,,,,,,211.5
-424147,,,,,,,207.6
-425005,,,,,,,209.8
-425977,,,,,,,207.5
-427003,,,,,,,200.3
-428003,,,,,,,201.7
-428981,,,,,,,201.3
-429990,,,,,,,202
-431021,,,,,,,199.1
-432464,,,,,,,201.1
-433490,,,,,,,203.5
-434485,,,,,,,208.1
-435342,,,,,,,201.7
-436192,,,,,,,201.2
-437064,,,,,,,204.9
-437965,,,,,,,201.9
-438833,,,,,,,198.4
-439706,,,,,,,193.3
-440608,,,,,,,192.5
-441128,,,,,,,199.1
-441501,,,,,,,204.3
-442014,,,,,,,203.3
-442377,,,,,,,208.3
-443247,,,,,,,202.4
-444051,,,,,,,195.5
-444904,,,,,,,190.7
-445818,,,,,,,194.4
-446786,,,,,,,199.9
-447437,,,,,,,205.2
-447776,,,,,,,210
-448732,,,,,,,208.1
-449628,,,,,,,204.4
-450513,,,,,,,203.4
-451471,,,,,,,205.5
-452057,,,,,,,206.5
-452458,,,,,,,215.5
-453023,,,,,,,218.7
-453419,,,,,,,229.2
-453961,,,,,,,232.7
-454327,,,,,,,243.7
-454907,,,,,,,243.9
-455172,,,,,,,245.6
-455912,,,,,,,241.2
-456610,,,,,,,233.1
-457385,,,,,,,232.8
-458244,,,,,,,236.6
-459027,,,,,,,239.1
-459424,,,,,,,236.5
-459707,,,,,,,231.3
-460115,,,,,,,220.8
-460418,,,,,,,218.8
-461218,,,,,,,223.8
-462021,,,,,,,223.4
-462776,,,,,,,227.3
-463501,,,,,,,231.4
-464212,,,,,,,231.4
-464912,,,,,,,231.2
-465617,,,,,,,233
-466328,,,,,,,232.9
-467016,,,,,,,231.3
-467675,,,,,,,237.1
-468327,,,,,,,242
-468693,,,,,,,240.9
-468957,,,,,,,252.8
-469365,,,,,,,249.3
-469576,,,,,,,242.6
-470199,,,,,,,243.3
-470827,,,,,,,246.7
-471477,,,,,,,243.7
-472151,,,,,,,239.7
-472819,,,,,,,239.1
-473509,,,,,,,238.3
-474198,,,,,,,238.5
-474896,,,,,,,237.6
-475584,,,,,,,236.4
-476284,,,,,,,236.5
-476980,,,,,,,232.8
-477696,,,,,,,230.6
-478410,,,,,,,230.8
-479152,,,,,,,228.2
-479901,,,,,,,230.8
-480660,,,,,,,231.2
-481430,,,,,,,232
-482183,,,,,,,232.2
-482926,,,,,,,234.1
-483671,,,,,,,233.9
-484444,,,,,,,235.5
-485228,,,,,,,236
-485988,,,,,,,238.2
-486752,,,,,,,237
-487578,,,,,,,240.3
-488443,,,,,,,233.4
-489315,,,,,,,236.4
-490179,,,,,,,235.2
-491028,,,,,,,242
-491885,,,,,,,238.2
-492753,,,,,,,239.2
-493611,,,,,,,241.5
-494456,,,,,,,243
-495281,,,,,,,247.2
-496091,,,,,,,246.2
-496905,,,,,,,245.5
-497694,,,,,,,245.3
-498471,,,,,,,247.7
-499248,,,,,,,245.5
-500017,,,,,,,243.5
-502289,,,,,,,241.9
-503038,,,,,,,236.8
-503804,,,,,,,235.8
-504614,,,,,,,233.7
-505427,,,,,,,230.3
-506266,,,,,,,227.8
-507119,,,,,,,224.7
-507968,,,,,,,222.7
-508794,,,,,,,221.2
-509625,,,,,,,220.3
-510428,,,,,,,220.7
-510891,,,,,,,214.5
-511225,,,,,,,211.4
-511732,,,,,,,204.4
-512085,,,,,,,200
-512704,,,,,,,195.1
-513028,,,,,,,193.8
-513600,,,,,,,190.5
-514017,,,,,,,199.8
-515054,,,,,,,199.4
-516114,,,,,,,205
-517151,,,,,,,206.4
-518180,,,,,,,212.9
-519202,,,,,,,211.2
-520232,,,,,,,205
-521310,,,,,,,203.6
-522390,,,,,,,208.1
-523441,,,,,,,210.3
-524528,,,,,,,209.6
-525618,,,,,,,209.7
-526790,,,,,,,204.6
-527972,,,,,,,202.5
-528644,,,,,,,208.8
-529112,,,,,,,213.6
-530234,,,,,,,215.2
-531273,,,,,,,219.9
-532228,,,,,,,221.7
-532818,,,,,,,222.3
-533218,,,,,,,226.3
-533910,,,,,,,222.1
-534269,,,,,,,220.3
-535254,,,,,,,223.6
-536163,,,,,,,224.3
-536999,,,,,,,226.7
-537783,,,,,,,233.9
-538580,,,,,,,241
-539070,,,,,,,243
-539427,,,,,,,249.1
-539960,,,,,,,244
-540343,,,,,,,250.5
-541002,,,,,,,245.6
-541317,,,,,,,240.4
-542327,,,,,,,238.1
-543434,,,,,,,234.5
-544062,,,,,,,229.7
-544494,,,,,,,230.2
-545508,,,,,,,230.3
-546498,,,,,,,228.3
-547464,,,,,,,231.6
-548409,,,,,,,231.9
-549341,,,,,,,234.6
-550093,,,,,,,234.1
-551148,,,,,,,240.1
-551976,,,,,,,242.3
-552789,,,,,,,245.7
-553606,,,,,,,245.8
-554408,,,,,,,247.6
-555218,,,,,,,251.4
-556012,,,,,,,252.4
-556782,,,,,,,252.6
-557555,,,,,,,251.4
-558336,,,,,,,253.7
-559102,,,,,,,254.3
-559858,,,,,,,253.9
-560603,,,,,,,254.5
-561351,,,,,,,253.2
-562080,,,,,,,253.9
-562857,,,,,,,252.8
-563605,,,,,,,253
-564359,,,,,,,250.2
-565129,,,,,,,251.3
-565889,,,,,,,250
-566660,,,,,,,251.3
-567414,,,,,,,251.8
-568165,,,,,,,251.8
-568922,,,,,,,249.6
-569689,,,,,,,251.6
-570469,,,,,,,250.3
-571249,,,,,,,246.3
-572044,,,,,,,247.7
-572845,,,,,,,249.2
-573662,,,,,,,248.7
-574480,,,,,,,251.8
-575275,,,,,,,251.9
-576057,,,,,,,252.1
-576851,,,,,,,248.9
-577646,,,,,,,252.5
-578467,,,,,,,252.9
-579294,,,,,,,251.3
-580101,,,,,,,251.3
-580864,,,,,,,251.1
-581596,,,,,,,249.1
-582312,,,,,,,252.9
-583031,,,,,,,251.5
-583540,,,,,,,244.1
-583801,,,,,,,243.8
-584277,,,,,,,236.2
-584636,,,,,,,230.3
-585166,,,,,,,225.2
-585569,,,,,,,219.4
-586155,,,,,,,215.4
-586617,,,,,,,209.9
-587369,,,,,,,206.7
-587783,,,,,,,210.6
-590861,,,,,,,224
-591386,,,,,,,226
-592198,,,,,,,234.4
-592615,,,,,,,238.8
-593270,,,,,,,246.3
-593736,,,,,,,250.2
-594316,,,,,,,248.1
-594736,,,,,,,243.6
-595249,,,,,,,237.4
-596523,,,,,,,225.7
-596903,,,,,,,229.4
-597552,,,,,,,233.2
-597940,,,,,,,238.1
-598581,,,,,,,238
-598999,,,,,,,232.9
-599574,,,,,,,221.2
-600021,,,,,,,216.4
-600757,,,,,,,216.3
-601173,,,,,,,219
-601882,,,,,,,226
-602392,,,,,,,229.4
-603591,,,,,,,232.5
-604742,,,,,,,237.9
-605856,,,,,,,239.1
-606939,,,,,,,244.5
-607969,,,,,,,248.5
-609005,,,,,,,254.6
-609953,,,,,,,259.2
-610855,,,,,,,257.7
-611711,,,,,,,259.6
-612552,,,,,,,258
-613376,,,,,,,256
-614180,,,,,,,252.5
-614986,,,,,,,252.4
-615772,,,,,,,252.3
-616640,,,,,,,247.9
-617505,,,,,,,245.4
-618366,,,,,,,243
-619224,,,,,,,238.6
-620091,,,,,,,237.3
-620595,,,,,,,234.3
-620952,,,,,,,227.8
-621441,,,,,,,214.9
-621796,,,,,,,205
-622386,,,,,,,198.7
-622723,,,,,,,199.9
-623486,,,,,,,199.5
-623875,,,,,,,195.6
-624836,,,,,,,192.1
-625340,,,,,,,193.9
-626194,,,,,,,193
-626874,,,,,,,194.3
-627874,,,,,,,187.7
-628436,,,,,,,189.1
-629469,,,,,,,190.2
-630014,,,,,,,190.4
-631012,,,,,,,194.1
-631580,,,,,,,194.6
-632457,,,,,,,188.6
-633058,,,,,,,190.5
-634019,,,,,,,192.1
-634491,,,,,,,194.8
-635424,,,,,,,187.8
-635903,,,,,,,192
-636816,,,,,,,185.8
-637291,,,,,,,185.3
-638119,,,,,,,191.3
-638715,,,,,,,193.2
-639612,,,,,,,198.4
-640107,,,,,,,198.7
-640981,,,,,,,191.3
-641442,,,,,,,189.2
-642319,,,,,,,182.4
-642841,,,,,,,183.9
-643699,,,,,,,186.6
-644344,,,,,,,189.8
-645337,,,,,,,187.8
-645886,,,,,,,189
-646904,,,,,,,189.1
-647426,,,,,,,185.8
-609319,,,,,,,257.8
-614214,,,,,,,252.6
-621159,,,,,,,243.3
-628233,,,,,,,204.4
-633414,,,,,,,195
-656454,,,,,,,187.5
-658033,,,,,,,185.6
-659613,,,,,,,192.1
-661183,,,,,,,192
-662647,,,,,,,190.6
-663695,,,,,,,178.2
-664224,,,,,,,178.5
-665045,,,,,,,172.7
-665485,,,,,,,178.5
-665619,,,,,,,171.6
-666497,,,,,,,175.6
-666984,,,,,,,178.5
-667801,,,,,,,185.5
-668174,,,,,,,189
-668226,,,,,,,189.3
-668966,,,,,,,192.6
-669336,,,,,,,194.6
-669976,,,,,,,192.5
-670436,,,,,,,194.8
-671145,,,,,,,198.7
-671525,,,,,,,202.3
-672223,,,,,,,209.2
-672571,,,,,,,213.7
-673639,,,,,,,220
-674220,,,,,,,217.4
-674574,,,,,,,214
-675118,,,,,,,215.6
-675430,,,,,,,217.4
-676034,,,,,,,226.5
-676341,,,,,,,230
-676964,,,,,,,230.8
-677302,,,,,,,230.3
-677782,,,,,,,223
-678131,,,,,,,225
-678658,,,,,,,218.4
-678970,,,,,,,216.2
-679581,,,,,,,217.3
-679899,,,,,,,219.7
-680496,,,,,,,222.6
-680812,,,,,,,221.3
-681312,,,,,,,218.7
-681662,,,,,,,217.5
-682192,,,,,,,217.5
-682469,,,,,,,219.4
-682999,,,,,,,219.5
-683267,,,,,,,219.7
-683766,,,,,,,223.5
-684030,,,,,,,224.4
-684475,,,,,,,224.3
-684776,,,,,,,227.3
-685277,,,,,,,228.7
-685520,,,,,,,228.8
-685999,,,,,,,232.3
-686085,,,,,,,234
-686245,,,,,,,233
-686702,,,,,,,235.8
-686801,,,,,,,235.4
-686931,,,,,,,234.9
-687354,,,,,,,235.8
-687494,,,,,,,241
-687653,,,,,,,239.9
-688107,,,,,,,235.6
-688205,,,,,,,235
-688344,,,,,,,234.8
-688821,,,,,,,240
-689049,,,,,,,234
-689482,,,,,,,235.6
-689574,,,,,,,235.9
-689722,,,,,,,236.6
-690107,,,,,,,235.5
-690388,,,,,,,235.9
-690815,,,,,,,232.9
-690907,,,,,,,236.3
-691040,,,,,,,234.8
-691483,,,,,,,234.1
-691689,,,,,,,234.1
-692118,,,,,,,235.4
-692350,,,,,,,234.4
-692722,,,,,,,235.8
-692991,,,,,,,236.9
-693433,,,,,,,236.7
-693668,,,,,,,237.6
-694112,,,,,,,234.6
-694337,,,,,,,234.8
-694767,,,,,,,235.4
-695013,,,,,,,232.9
-695381,,,,,,,232.4
-695710,,,,,,,232.2
-696170,,,,,,,231
-696436,,,,,,,228
-696930,,,,,,,226.4
-697152,,,,,,,227.7
-697683,,,,,,,227.6
-697959,,,,,,,226
-698439,,,,,,,228.7
-698794,,,,,,,227.6
-699292,,,,,,,228.2
-699656,,,,,,,228.8
-700208,,,,,,,229.3
-700431,,,,,,,230.3
-701038,,,,,,,232.4
-701434,,,,,,,232.8
-701984,,,,,,,231.2
-702261,,,,,,,231.2
-703023,,,,,,,233.9
-703460,,,,,,,228.5
-704191,,,,,,,228.6
-704459,,,,,,,228.1
-707730,,,,,,,219.7
-708287,,,,,,,220.2
-709154,,,,,,,218.9
-709471,,,,,,,218.7
-710883,,,,,,,218.5
-711893,,,,,,,222.3
-712338,,,,,,,221.7
-713230,,,,,,,217.7
-713653,,,,,,,223.8
-713800,,,,,,,222.1
-714754,,,,,,,208.1
-715115,,,,,,,205
-716114,,,,,,,192.9
-716631,,,,,,,190.2
-716829,,,,,,,184.3
-717844,,,,,,,187.8
-718387,,,,,,,195.2
-719368,,,,,,,206.3
-719920,,,,,,,217
-720089,,,,,,,211.3
-721183,,,,,,,213.4
-721514,,,,,,,213.2
-722495,,,,,,,210.3
-723109,,,,,,,206.3
-723987,,,,,,,206.6
-724372,,,,,,,208.1
-725242,,,,,,,204.5
-725508,,,,,,,203.7
-725782,,,,,,,205.5
-726618,,,,,,,205.1
-726971,,,,,,,205.4
-728349,,,,,,,204
-728999,,,,,,,204.1
-729379,,,,,,,204.9
-730191,,,,,,,203.8
-730350,,,,,,,210.7
-730598,,,,,,,205.9
-731311,,,,,,,203.9
-731593,,,,,,,204.4
-732273,,,,,,,205.3
-732458,,,,,,,209.6
-732654,,,,,,,207.4
-733217,,,,,,,201.7
-733509,,,,,,,201.3
-734129,,,,,,,204.1
-734510,,,,,,,209.7
-735084,,,,,,,208.1
-735316,,,,,,,211.3
-735939,,,,,,,210.6
-736322,,,,,,,206.5
-736894,,,,,,,200.3
-737187,,,,,,,197.8
-737892,,,,,,,185
-738036,,,,,,,198
-738327,,,,,,,178.9
-739071,,,,,,,178.6
-739357,,,,,,,176.6
-740125,,,,,,,177.9
-740608,,,,,,,182.3
-741283,,,,,,,181.7
-741639,,,,,,,180.4
-742404,,,,,,,181.2
-742731,,,,,,,185.2
-742893,,,,,,,182
-743886,,,,,,,180.2
-744693,,,,,,,183.1
-745160,,,,,,,180.8
-745809,,,,,,,180.8
-746151,,,,,,,180.4
-746963,,,,,,,181.4
-747202,,,,,,,188.8
-747451,,,,,,,182.9
-748244,,,,,,,184.8
-748526,,,,,,,184
-749351,,,,,,,186.2
-749602,,,,,,,193.8
-749880,,,,,,,190.1
-750655,,,,,,,188
-751028,,,,,,,196.5
-752034,,,,,,,191.5
-752174,,,,,,,197.3
-752444,,,,,,,195.8
-753291,,,,,,,200.5
-753404,,,,,,,203.4
-753545,,,,,,,201.9
-754407,,,,,,,206
-754655,,,,,,,214.4
-754921,,,,,,,210.7
-755611,,,,,,,215
-755855,,,,,,,225.5
-756012,,,,,,,219.2
-756309,,,,,,,215.3
-756525,,,,,,,217.6
-756933,,,,,,,217.9
-757077,,,,,,,216.6
-757356,,,,,,,214.9
-758252,,,,,,,208.8
-758388,,,,,,,214.9
-758550,,,,,,,206.9
-759503,,,,,,,206.1
-759795,,,,,,,213
-760114,,,,,,,212
-760921,,,,,,,216
-761208,,,,,,,221.3
-761369,,,,,,,215
-761736,,,,,,,225.7
-761984,,,,,,,221.4
-762299,,,,,,,224.1
-762579,,,,,,,226.5
-762883,,,,,,,222.6
-763785,,,,,,,216.8
-763967,,,,,,,216.1
-764160,,,,,,,215.7
-765146,,,,,,,213.5
-765787,,,,,,,217.7
-766705,,,,,,,222.4
-766990,,,,,,,227.5
-767100,,,,,,,221.4
-767564,,,,,,,228.1
-767837,,,,,,,226
-768183,,,,,,,231.5
-768484,,,,,,,233.9
-768497,,,,,,,235.6
-768774,,,,,,,238.2
-769044,,,,,,,235.6
-769310,,,,,,,237.7
-769758,,,,,,,229.5
-769938,,,,,,,226.9
-770126,,,,,,,230.9
-771093,,,,,,,230
-771403,,,,,,,238.6
-771730,,,,,,,233.3
-772598,,,,,,,236.9
-772904,,,,,,,240.1
-773101,,,,,,,240.5
-774087,,,,,,,238.8
-774372,,,,,,,245.9
-774686,,,,,,,243.9
-775606,,,,,,,246.3
-775769,,,,,,,246.7
-775950,,,,,,,246.1
-776848,,,,,,,245.8
-777126,,,,,,,243.8
-777414,,,,,,,243.9
-778318,,,,,,,248.5
-778662,,,,,,,242.8
-779585,,,,,,,248.7
-779821,,,,,,,251.2
-780109,,,,,,,246.2
-781160,,,,,,,252.5
-781313,,,,,,,252.1
-782197,,,,,,,246.9
-782459,,,,,,,248.4
-782742,,,,,,,250.7
-783463,,,,,,,253.3
-783704,,,,,,,255.3
-783839,,,,,,,255.4
-784637,,,,,,,260.3
-784869,,,,,,,256.6
-785126,,,,,,,256.9
-785855,,,,,,,248.1
-786007,,,,,,,246.4
-786083,,,,,,,247.9
-786937,,,,,,,229.5
-787176,,,,,,,239.3
-787431,,,,,,,226.3
-788203,,,,,,,218.2
-788588,,,,,,,221.3
-789541,,,,,,,215.4
-789817,,,,,,,217.3
-790131,,,,,,,205.1
-790993,,,,,,,204
-791305,,,,,,,224.2
-791310,,,,,,,209
-792658,,,,,,,199.4
-792999,,,,,,,206.7
-793252,,,,,,,195.2
-794517,,,,,,,189.3
-795149,,,,,,,188.4
-796562,,,,,,,191
-796943,,,,,,,193.6
